"slug","activo","categoria","subcategoria","genero","nombre","nombre_original","codigos","precio","precio_oferta","colores","tallas","foto","fotos","destacado_hp","en_excel"
"buzo-basiroa-mujer","si","casacas-y-chompas","Buzo","Mujer","Buzo Basiroa — Mujer","BUZO BASIROA","V06","","","Verde","L","","","","si"
"buzo-guajillo-mujer","si","casacas-y-chompas","Buzo","Mujer","Buzo Guajillo — Mujer","BUZO GUAJILLO","B17, N01, N015","","","Beige / Arena, Negro","XS, S, M, L, XL","buzo-m-guajillo-n015.webp","buzo-m-guajillo-n015.webp","","si"
"buzo-matape-mujer","si","casacas-y-chompas","Buzo","Mujer","Buzo Matape — Mujer","BUZO MATAPE","Z21","","","Azul","S, M, L, XL","","","","si"
"buzo-morelia-mujer","si","casacas-y-chompas","Buzo","Mujer","Buzo Morelia — Mujer","BUZO MORELIA","B17, M16","","","Beige / Arena, Marrón","XS, S, M, L, XL","","","","si"
"buzo-nina-nanae-mujer","si","casacas-y-chompas","Buzo","Mujer","Buzo Niña Nanae — Mujer","BUZO NINA NANAE","Z6C","","","Azul","","","","","si"
"buzo-nina-shinku-mujer","si","casacas-y-chompas","Buzo","Mujer","Buzo Niña Shinku — Mujer","BUZO NINA SHINKU","V1H","","","Verde","","","","","si"
"buzo-texcoco-mujer","si","casacas-y-chompas","Buzo","Mujer","Buzo Texcoco — Mujer","BUZO TEXCOCO","N01, M1O, M10, Z02","","","Negro, Marrón, Azul","XS, S, L, XL","","","","si"
"buzo-unisun-mujer","si","casacas-y-chompas","Buzo","Mujer","Buzo Unisun — Mujer","BUZO UNISUN","Z6V","","","Azul","XS, S, M, L, XL","","","","si"
"casaca-whaly-mujer","si","casacas-y-chompas","Casaca","Mujer","Casaca - Whaly — Mujer","CHAQUETA - WHALY","T2I, Z4Q","","","Terracota / Camello, Azul","XS, S, M","","","","si"
"casaca-abide-hombre","si","casacas-y-chompas","Casaca","Hombre","Casaca Abide — Hombre","CHAQUETA ABIDE","T2N, V07","338","","Terracota / Camello, Verde","M, L, XL, XXL","","","","si"
"casaca-acrony-mujer","si","casacas-y-chompas","Casaca","Mujer","Casaca Acrony — Mujer","CHAQUETA ACRONY","G17, G29, N01","","","Gris, Negro","XS, S, M, L, XL, XXL","chaqueta-m-pe-acrony-2-g17xs.webp","chaqueta-m-pe-acrony-2-g17xs.webp, chaqueta-m-pe-acrony-2-g29s.webp, chaqueta-m-pe-acrony-2-n01m.webp","","si"
"casaca-agriento-hombre","si","casacas-y-chompas","Casaca","Hombre","Casaca Agriento — Hombre","CHAQUETA AGRIENTO","N01","","","Negro","S","","","","si"
"casaca-amish-mujer","si","casacas-y-chompas","Casaca","Mujer","Casaca Amish — Mujer","CHAQUETA AMISH - M","","","","","S, M, L","","","","si"
"casaca-arwin-hombre","si","casacas-y-chompas","Casaca","Hombre","Casaca Arwin — Hombre","CHAQUETA ARWIN","N01, T2L, T2I, T01","339","","Negro, Terracota / Camello","S, M, L, XL, XXL","chaleco-h-pe-arwin-n01l.webp","chaleco-h-pe-arwin-n01l.webp, chaqueta-h-pe-arwin-t2il.webp, chaqueta-h-pe-arwin-t2ixl.webp","","si"
"casaca-baroyeca-mujer","si","casacas-y-chompas","Casaca","Mujer","Casaca Baroyeca — Mujer","CHAQUETA BAROYECA","G04","","","Gris","XS, S, M, L, XL","","","","si"
"casaca-baymena-mujer","si","casacas-y-chompas","Casaca","Mujer","Casaca Baymena — Mujer","CHAQUETA BAYMENA","N01, V06","","","Negro, Verde","XS, S, M, L, XL","chaqueta-m-baymena-v06xs.webp","chaqueta-m-baymena-v06xs.webp","","si"
"casaca-capolly-mujer","si","casacas-y-chompas","Casaca","Mujer","Casaca Capolly — Mujer","CHAQUETA CAPOLLY","Z21","","","Azul","XS, S, M, L","chaqueta-m-capolly-z21m.webp","chaqueta-m-capolly-z21m.webp","","si"
"casaca-carilda-mujer","si","casacas-y-chompas","Casaca","Mujer","Casaca Carilda — Mujer","CHAQUETA CARILDA","G86, M16, B17","","","Gris, Marrón, Beige / Arena","XS, S, M, L, XL","","","","si"
"casaca-cedral-hombre","si","casacas-y-chompas","Casaca","Hombre","Casaca Cedral — Hombre","CHAQUETA CEDRAL","G86, N01, G86T","297","","Gris, Negro","S, M, XL","chaqueta-cedral-g86-t-s.webp","chaqueta-cedral-g86-t-s.webp, chaqueta-h-sedral-n01m.webp","","si"
"casaca-colorfull-mujer","si","casacas-y-chompas","Casaca","Mujer","Casaca Colorfull — Mujer","CHAQUETA COLORFULL","O19, V1H, N01, R44, V4J, T03, T84, T88, P1S","","","Verde, Negro, Rojo, Terracota / Camello, Plomo / Perla","XS, S, M, L, XL, XXL","","","","si"
"casaca-colormen-hombre","si","casacas-y-chompas","Casaca","Hombre","Casaca Colormen — Hombre","CHAQUETA COLORMEN","Z88, V3X, T49, Z06, Z3Y, G29, N01, G86, Z6O, T2O, R72, R57, T03, XX","197","","Azul, Verde, Terracota / Camello, Gris, Negro, Rojo","XS, S, M, L, XL, XXL","chaqueta-h-pe-colormen-t49l.webp","chaqueta-h-pe-colormen-t49l.webp, chaqueta-h-pe-colormen-n01l.webp, chaqueta-h-pe-colormen-r57xxl.webp, chaqueta-h-pe-colormen-z06m.webp, chaqueta-h-pe-colormen-z3yl.webp, chaqueta-h-pe-colormen-z6oxs.webp, chaqueta-h-pe-colormen-z88-xxljpg.webp, chaqueta-h-pe-color-men-g29-xxl.webp","","si"
"casaca-cuilco-hombre","si","casacas-y-chompas","Casaca","Hombre","Casaca Cuilco — Hombre","CHAQUETA CUILCO","Z6O, T84","305","","Azul, Terracota / Camello","S, M, L, XL, XXL","chaqueta-h-cuilco-t84s.webp","chaqueta-h-cuilco-t84s.webp, chaqueta-h-cuilco-z6om.webp","","si"
"casaca-darren-hombre","si","casacas-y-chompas","Casaca","Hombre","Casaca Darren — Hombre","CHAQUETA DARREN","V07, N01","265","","Verde, Negro","S, M, L","","","","si"
"casaca-degally-hombre","si","casacas-y-chompas","Casaca","Hombre","Casaca Degally — Hombre","CHAQUETA DEGALLY","9GA","244","","","S, M, L, XL, XXL","","","","si"
"casaca-denton-hombre","si","casacas-y-chompas","Casaca","Hombre","Casaca Denton — Hombre","CHAQUETA DENTON","V06, Z6O","237","","Verde, Azul","S, M, L, XL, XXL","","","","si"
"casaca-ecatepec-hombre","si","casacas-y-chompas","Casaca","Hombre","Casaca Ecatepec — Hombre","CHAQUETA ECATEPEC","N01","246","","Negro","S, M, L, XL, XXL","","","","si"
"casaca-elmwood-mujer","si","casacas-y-chompas","Casaca","Mujer","Casaca Elmwood — Mujer","CHAQUETA ELMWOOD","T2L, Z3W","","","Terracota / Camello, Azul","XS, S, M, L, XL","","","","si"
"casaca-escher-hombre","si","casacas-y-chompas","Casaca","Hombre","Casaca Escher — Hombre","CHAQUETA ESCHER","T1N","","","Terracota / Camello","M","","","","si"
"casaca-expedit-hombre","si","casacas-y-chompas","Casaca","Hombre","Casaca Expedit — Hombre","CHAQUETA EXPEDIT","8LO, N01, Z3W, V07, 8L0","284","","Negro, Azul, Verde","S, M, L, XL","chaqueta-h-pe-espedt-n01l.webp","chaqueta-h-pe-espedt-n01l.webp, chaqueta-h-pe-expedit-8l0l.webp, chaqueta-h-pe-expedit-v07l.webp, chaqueta-h-pe-expedit-z3wm.webp","","si"
"casaca-grete-hombre","si","casacas-y-chompas","Casaca","Hombre","Casaca Grete — Hombre","CHAQUETA GRETE","T2L, Z3W, T1W","299","","Terracota / Camello, Azul","S, M, L, XL, XXL","chaqueta-h-pe-grete-t1wxl.webp","chaqueta-h-pe-grete-t1wxl.webp, chaqueta-h-pe-grete-t2lxl.webp, chaqueta-h-pe-grete-z3wl.webp","","si"
"casaca-habanera-mujer","si","casacas-y-chompas","Casaca","Mujer","Casaca Habanera — Mujer","CHAQUETA HABANERA","G9A, 9GA","","","Gris","XS, S, M, L, XL","chaqueta-m-habanera-9gas.webp","chaqueta-m-habanera-9gas.webp","","si"
"casaca-haruki-mujer","si","casacas-y-chompas","Casaca","Mujer","Casaca Haruki — Mujer","CHAQUETA HARUKI","Z3Y","","","Azul","S, M","chaqueta-m-haruki-z3ym.webp","chaqueta-m-haruki-z3ym.webp","","si"
"casaca-hebi-hombre","si","casacas-y-chompas","Casaca","Hombre","Casaca Hebi — Hombre","CHAQUETA HEBI","V07","","","Verde","XXL","","","","si"
"casaca-hillsboro-hombre","si","casacas-y-chompas","Casaca","Hombre","Casaca Hillsboro — Hombre","CHAQUETA HILLSBORO","Z3I, G1N, G29","","","Azul, Gris","S, M, L, XL, XXL","chaqueta-h-hillsboro-g1nl.webp","chaqueta-h-hillsboro-g1nl.webp, chaqueta-h-hillsboro-g29m.webp, chaqueta-h-hillsboro-z3im.webp","","si"
"casaca-horsepower","si","casacas-y-chompas","Casaca","Unisex","Casaca HorsePower","CASACA HORSEPOWER","","","","Verde, Arena, Negro, Camello, Gris","S, M, L, XL","","","si","si"
"casaca-isaac-hombre","si","casacas-y-chompas","Casaca","Hombre","Casaca Isaac — Hombre","CHAQUETA ISAAC","N01, Z6O","354","","Negro, Azul","S, M, L, XL, XXL","","","","si"
"casaca-killen-mujer","si","casacas-y-chompas","Casaca","Mujer","Casaca Killen — Mujer","CASACA KILLEN","B17, T2Z, Z6O","","","Beige / Arena, Terracota / Camello, Azul","XS, S, M, L, XL","chaqueta-m-killen-b17xl.webp","chaqueta-m-killen-b17xl.webp, chaqueta-m-killen-t2zxl.webp, chaqueta-m-killen-z6oxl.webp","","si"
"casaca-liade-hombre","si","casacas-y-chompas","Casaca","Hombre","Casaca Liade — Hombre","CHAQUETA LIADE","Z3W, T2L, V07, T2N","","","Azul, Terracota / Camello, Verde","S, M, L","chaqueta-h-li-abide-v07m.webp","chaqueta-h-li-abide-v07m.webp, chaqueta-h-li-abide-t2nm.webp","","si"
"casaca-liesa-hombre","si","casacas-y-chompas","Casaca","Hombre","Casaca Liesa — Hombre","CHAQUETA LIESA","N01, R40, Z06","229","","Negro, Rojo, Azul","S, M, L, XL, XXL","chaqueta-h-pe-liesa-r40xl.webp","chaqueta-h-pe-liesa-r40xl.webp, chaqueta-h-pe-liesa-z06xl.webp","","si"
"casaca-lubok-hombre","si","casacas-y-chompas","Casaca","Hombre","Casaca Lubok — Hombre","CHAQUETA LUBOK","N01","","","Negro","S, M, L, XL, XXL","chaqueta-h-lubock-n01m.webp","chaqueta-h-lubock-n01m.webp","","si"
"casaca-maestria-mujer","si","casacas-y-chompas","Casaca","Mujer","Casaca Maestria — Mujer","CHAQUETA MAESTRIA","G03","","","Gris","S, M, L","","","","si"
"casaca-malen-mujer","si","casacas-y-chompas","Casaca","Mujer","Casaca Malen — Mujer","CHAQUETA MALEN","G15, N01","","","Gris, Negro","M, L","","","","si"
"casaca-mazunte-hombre","si","casacas-y-chompas","Casaca","Hombre","Casaca Mazunte — Hombre","CHAQUETA MAZUNTE","Z6O, T3K, G29","246","","Azul, Terracota / Camello, Gris","S, M, L, XL, XXL","chaqueta-h-mazunte-t3ks.webp","chaqueta-h-mazunte-t3ks.webp, chaqueta-h-mazunte-z6om.webp, chaqueta-h-p-mazunte-g29l.webp","","si"
"casaca-mescal-hombre","si","casacas-y-chompas","Casaca","Hombre","Casaca Mescal — Hombre","CHAQUETA MESCAL","Z88, T3B, N01, Z60","237","","Azul, Terracota / Camello, Negro","S, M, L, XL, XXL","","","","si"
"casaca-mulato-hombre","si","casacas-y-chompas","Casaca","Hombre","Casaca Mulato — Hombre","CHAQUETA MULATO","T3B, Z6O, T3K, N01","246","","Terracota / Camello, Azul, Negro","S, M, L, XL","chaqueta-h-mulato-t3km.webp","chaqueta-h-mulato-t3km.webp, chaqueta-h-mulato-z6ol.webp","","si"
"casaca-peligram-hombre","si","casacas-y-chompas","Casaca","Hombre","Casaca Peligram — Hombre","CHAQUETA PELIGRAM","T2I, V07, N01","","","Terracota / Camello, Verde, Negro","S, M, L, XL","chaqueta-h-pe-piligram-n01l.webp","chaqueta-h-pe-piligram-n01l.webp, chaqueta-h-pe-piligram-t2il.webp, chaqueta-h-pe-piligram-v07l.webp","","si"
"casaca-questa-mujer","si","casacas-y-chompas","Casaca","Mujer","Casaca Questa — Mujer","CHAQUETA QUESTA","5SP, 8E3","","","","XS, S, M, L, XL","chaqueta-m-questa-5spl.webp","chaqueta-m-questa-5spl.webp, chaqueta-m-questa-8e3s.webp","","si"
"casaca-reflextive-man-hombre","si","casacas-y-chompas","Casaca","Hombre","Casaca Reflextive Man — Hombre","CHAQUETA REFLEXTIVE MAN","N01","","","Negro","XS, S, M, L, XL, XXL","","","","si"
"casaca-reflextive-woman-mujer","si","casacas-y-chompas","Casaca","Mujer","Casaca Reflextive Woman — Mujer","CHAQUETA REFLEXTIVE WOMAN","N01","","","Negro","XS, S, M, L, XL, XXL","","","","si"
"casaca-rifu-mujer","si","casacas-y-chompas","Casaca","Mujer","Casaca Rifu — Mujer","CHAQUETA RIFU - M","N01","","","Negro","M, L","","","","si"
"casaca-riku-mujer","si","casacas-y-chompas","Casaca","Mujer","Casaca Riku — Mujer","CHAQUETA RIKU","N01","","","Negro","L","","","","si"
"casaca-royelf-hombre","si","casacas-y-chompas","Casaca","Hombre","Casaca Royelf — Hombre","CHAQUETA ROYELF","G04, TM","290","","Gris, Terracota / Camello","S, M, L, XL, XXL","chaqueta-royelf-g04-t-m.webp","chaqueta-royelf-g04-t-m.webp","","si"
"casaca-sendany-hombre","si","casacas-y-chompas","Casaca","Hombre","Casaca Sendany — Hombre","CHAQUETA SENDANY","V07","","","Verde","L","","","","si"
"casaca-sujur-mujer","si","casacas-y-chompas","Casaca","Mujer","Casaca Sujur — Mujer","CHAQUETA SUJUR","M04, N01, B02","","","Marrón, Negro, Beige / Arena","XS, S, M, L","","","","si"
"casaca-surui-mujer","si","casacas-y-chompas","Casaca","Mujer","Casaca Surui — Mujer","CHAQUETA SURUI","M2F","","","Marrón","M, XL","","","","si"
"casaca-tapalpa-mujer","si","casacas-y-chompas","Casaca","Mujer","Casaca Tapalpa — Mujer","CHAQUETA TAPALPA","M16, M17, B17, N01","","","Marrón, Beige / Arena, Negro","S, L, XL, XXL","chaqueta-m-tapalpa-b17l.webp","chaqueta-m-tapalpa-b17l.webp, chaqueta-m-tapalpa-m16s.webp, chaqueta-m-tapalpa-n01xl.webp","","si"
"casaca-tekam-hombre","si","casacas-y-chompas","Casaca","Hombre","Casaca Tekam — Hombre","CHAQUETA TEKAM","Z76, Z5L, N01, V06, T1F","218","","Azul, Negro, Verde, Terracota / Camello","S, M, L, XL, XXL","chaqueta-h-tekam-t1fm.webp","chaqueta-h-tekam-t1fm.webp, chaqueta-h-tekam-v06l.webp, chaqueta-h-tekam-z5ll.webp, chaqueta-h-tekam-z76l.webp","","si"
"casaca-ticul-hombre","si","casacas-y-chompas","Casaca","Hombre","Casaca Ticul — Hombre","CHAQUETA TICUL","N01, T3D","372","","Negro, Terracota / Camello","S, M, L, XL, XXL","","","","si"
"casaca-trinitaria-mujer","si","casacas-y-chompas","Casaca","Mujer","Casaca Trinitaria — Mujer","CHAQUETA TRINITARIA","G17, M16, V4J, N01","","","Gris, Marrón, Verde, Negro","XS, S, M, L, XL, XXL","chaqueta-m-trinitaria-g17s.webp","chaqueta-m-trinitaria-g17s.webp, chaqueta-m-trinitaria-m16m.webp, chaqueta-m-trinitaria-n01l.webp","","si"
"casaca-tuinally-mujer","si","casacas-y-chompas","Casaca","Mujer","Casaca Tuinally — Mujer","CHAQUETA TUINALLY","T03, B02, B0","","","Terracota / Camello, Beige / Arena","S, M, L","chaqueta-m-pe-tuinally-b0m.webp","chaqueta-m-pe-tuinally-b0m.webp, chaqueta-m-pe-tuinally-t03m.webp","","si"
"casaca-unija-hombre","si","casacas-y-chompas","Casaca","Hombre","Casaca Unija — Hombre","CHAQUETA UNIJA","N01, Z3W","","","Negro, Azul","L, XXL","","","","si"
"casaca-vernos-hombre","si","casacas-y-chompas","Casaca","Hombre","Casaca Vernos — Hombre","CHAQUETA VERNOS","Z3I, R57","242","","Azul, Rojo","S, M, L, XL, XXL","chaqueta-h-vernos-r57l.webp","chaqueta-h-vernos-r57l.webp, chaqueta-h-vernos-z3il.webp","","si"
"casaca-wander-hombre","si","casacas-y-chompas","Casaca","Hombre","Casaca Wander — Hombre","CHAQUETA WANDER","N01, Z3W","324","","Negro, Azul","M, L, XL, XXL","chaqueta-h-pe-wander-n01xxl.webp","chaqueta-h-pe-wander-n01xxl.webp, chaqueta-h-pe-wander-z3wm.webp","","si"
"casaca-willna-hombre","si","casacas-y-chompas","Casaca","Hombre","Casaca Willna — Hombre","CHAQUETA WILLNA","Z21","320","","Azul","S, M, L, XXL","","","","si"
"casaca-workym-mujer","si","casacas-y-chompas","Casaca","Mujer","Casaca Workym — Mujer","CHAQUETA WORKYM","T0X, N01, M10, Z02, B17","","","Terracota / Camello, Negro, Marrón, Azul, Beige / Arena","XS, S, M, L, XL, XXL","","","","si"
"casaca-yecora-mujer","si","casacas-y-chompas","Casaca","Mujer","Casaca Yecora — Mujer","CHAQUETA YECORA","V06, N01, T0W, T2Z, Z6O, B17","","","Verde, Negro, Terracota / Camello, Azul, Beige / Arena","XS, S, M, L, XL, XXL","chaqueta-m-yecora-t0ws.webp","chaqueta-m-yecora-t0ws.webp, chaqueta-m-yecora-t2zm.webp, chaqueta-m-yecora-z6ol.webp","","si"
"chaleco-craca-mujer","si","casacas-y-chompas","Chaleco","Mujer","Chaleco Craca — Mujer","CHALECO CRACA","M0N","","","Marrón","XS","","","","si"
"chaleco-gorky-hombre","si","casacas-y-chompas","Chaleco","Hombre","Chaleco Gorky — Hombre","CHALECO GORKY","N01, T3K, Z6O","","","Negro, Terracota / Camello, Azul","S, L","chaleco-h-pe-gorky-t3ks.webp","chaleco-h-pe-gorky-t3ks.webp, chaleco-h-pe-gorky-z6os.webp","","si"
"chaleco-guallky-hombre","si","casacas-y-chompas","Chaleco","Hombre","Chaleco Guallky — Hombre","CHALECO GUALLKY","N01, V06, T3D","124","","Negro, Verde, Terracota / Camello","S, M, L, XL, XXL","chaleco-h-guallky-t3dl.webp","chaleco-h-guallky-t3dl.webp, chaleco-h-guallky-v06s.webp","","si"
"chaleco-gundru-hombre","si","casacas-y-chompas","Chaleco","Hombre","Chaleco Gundru — Hombre","CHALECO GUNDRU","T1P, Z3W","187","","Terracota / Camello, Azul","S, M, L","","","","si"
"chaleco-jucaly-mujer","si","casacas-y-chompas","Chaleco","Mujer","Chaleco Jucaly — Mujer","CHALECO JUCALY","N01, G29","","","Negro, Gris","XS, S, M, L, XL","chaleco-m-jucaly-g29m.webp","chaleco-m-jucaly-g29m.webp","","si"
"chaleco-kunst-mujer","si","casacas-y-chompas","Chaleco","Mujer","Chaleco Kunst — Mujer","CHALECO KUNST","G95, XG1","","","Gris","XS, S","chaleco-m-pe-kunst-g95xs.webp","chaleco-m-pe-kunst-g95xs.webp, chaleco-m-pe-kunst-xg1s.webp","","si"
"chaleco-loiter-hombre","si","casacas-y-chompas","Chaleco","Hombre","Chaleco Loiter — Hombre","CHALECO LOITER","Z78","","","Azul","L","","","","si"
"chaleco-malte-hombre","si","casacas-y-chompas","Chaleco","Hombre","Chaleco Malte — Hombre","CHALECO MALTE","Z3W, R40","187","","Azul, Rojo","M, L, XL","","","","si"
"chaleco-meggy-mujer","si","casacas-y-chompas","Chaleco","Mujer","Chaleco Meggy — Mujer","CHALECO MEGGY","G17, M10, N01","","","Gris, Marrón, Negro","XS, S, M, L, XL","chaleco-m-meggy-g17s.webp","chaleco-m-meggy-g17s.webp, chaleco-m-meggy-m10xs.webp","","si"
"chompa-buzo-mazamita-mujer","si","casacas-y-chompas","Chompa","Mujer","Chompa - Buzo Mazamita — Mujer","CHOMPA - BUZO MAZAMITA","8EE","","","","S, M, L, XL","","","","si"
"polera-horsepower","si","casacas-y-chompas","Polera","Unisex","Polera HorsePower","POLERA HORSEPOWER","","","","Negro, Verde, Perla, Arena, Azul, Celeste, Camello, Plomo","S, M, L, XL","","","si","si"
"acala","si","loncheras-y-accesorios","Cartuchera","Unisex","Acala","ACALA","3I9","","","","","","","","si"
"agapec","si","loncheras-y-accesorios","Cartuchera","Unisex","Agapec","AGAPEC","4I4, 1IV, 5L2, 1OX, 0DJ, 5L8, 5L0, 1ID, 5LV, 5SO, 8LU, 0FT, 4SH, 9LE, 4RY","","","","","","","","si"
"akony","si","loncheras-y-accesorios","Cartuchera","Unisex","Akony","AKONY","P75","","","Plomo / Perla","","","","","si"
"belma","si","loncheras-y-accesorios","Cartuchera","Unisex","Belma","BELMA","7T5","","","","","","","","si"
"blinton","si","loncheras-y-accesorios","Cartuchera","Unisex","Blinton","BLINTON","V0R, N01","","","Verde, Negro","","","","","si"
"borrador-fall","si","loncheras-y-accesorios","Cartuchera","Unisex","Borrador - Fall","BORRADOR - FALL","Z04","","","Azul","","","","","si"
"cartuchera","si","loncheras-y-accesorios","Cartuchera","Unisex","Cartuchera","CARTUCHERA","","","","","","","","","si"
"cartuchera-oceano","si","loncheras-y-accesorios","Cartuchera","Unisex","Cartuchera Oceano","CARTUCHERA OCEANO","","","","","","","","","si"
"colegy","si","loncheras-y-accesorios","Cartuchera","Unisex","Colegy","COLEGY","M2P","","","Marrón","","","","","si"
"dijon","si","loncheras-y-accesorios","Cartuchera","Unisex","Dijon","DIJON","R76, G1N, Z11","","","Rojo, Gris, Azul","","","","","si"
"eafit","si","loncheras-y-accesorios","Cartuchera","Unisex","Eafit","EAFIT","T49, M2F, Z32, Z52, Z76, Z11","","","Terracota / Camello, Marrón, Azul","","","","","si"
"efeso","si","loncheras-y-accesorios","Cartuchera","Unisex","Efeso","EFESO","N01, B36","","","Negro, Beige / Arena","","","","","si"
"erezo","si","loncheras-y-accesorios","Cartuchera","Unisex","Erezo","EREZO","7EX, 9LL, 4SK, 7LW, 5S8","","","","","","","","si"
"escuadra","si","loncheras-y-accesorios","Cartuchera","Unisex","Escuadra","ESCUADRA","3LQ, 0FT, 4I4, 5SR, 2IQ, 9P1, 1IF, 1IE, 3IW, 8GT, 7VA, 9LJ, 7MJ, 5LV, 6MO, 5S6, 4EA, 7GG, 7BJ, 8GN, 0LH, 0LT, 0DJ, OLT, 4RY","","","","","","","","si"
"felina","si","loncheras-y-accesorios","Cartuchera","Unisex","Felina","FELINA","V4H, O52, Z32","","","Verde, Azul","","","","","si"
"galvitto","si","loncheras-y-accesorios","Cartuchera","Unisex","Galvitto","GALVITTO","Z32, MG2, Z06, 3IK, 2O1, V07, N01, P71, V0R, 8LV","","","Azul, Marrón, Verde, Negro, Plomo / Perla","","","","","si"
"grupy","si","loncheras-y-accesorios","Cartuchera","Unisex","Grupy","GRUPY","N01, 9TD, T32","","","Negro, Terracota / Camello","","","","","si"
"grupy-2","si","loncheras-y-accesorios","Cartuchera","Unisex","Grupy","GRUPY S/E","T32","","","Terracota / Camello","","","","","si"
"inbabura","si","loncheras-y-accesorios","Cartuchera","Unisex","Inbabura","INBABURA","P25, V4I, G1N","","","Plomo / Perla, Verde, Gris","","","","","si"
"kannaly","si","loncheras-y-accesorios","Cartuchera","Unisex","Kannaly","KANNALY","V4I, P25","","","Verde, Plomo / Perla","","","","","si"
"kijal","si","loncheras-y-accesorios","Cartuchera","Unisex","Kijal","KIJAL","4SZ, 3IJ, 5SI, T2I, P10, Z73, 5S3, 8M9","","","Terracota / Camello, Plomo / Perla, Azul","","","","","si"
"kiri","si","loncheras-y-accesorios","Cartuchera","Unisex","Kiri","KIRI","P74","","","Plomo / Perla","","","","","si"
"kiriby","si","loncheras-y-accesorios","Cartuchera","Unisex","Kiriby","KIRIBY","7LF, 7LD, 5SJ, 3IJ, 9VX, 1EN, 6V7, 0IU","","","","","","","","si"
"kretona","si","loncheras-y-accesorios","Cartuchera","Unisex","Kretona","KRETONA","0LB, 5SA","","","","","","","","si"
"laus","si","loncheras-y-accesorios","Cartuchera","Unisex","Laus","LAUS","2O0, 3IJ, 5ES, 8TN, 1IK, 7LD, 5SI, 5SJ, 7LF, 5SA, 7MG","","","","","","","","si"
"leporis","si","loncheras-y-accesorios","Cartuchera","Unisex","Leporis","LEPORIS","Z04, N01, Z3Y, M2F","","","Azul, Negro, Marrón","","","","","si"
"lucanus","si","loncheras-y-accesorios","Cartuchera","Unisex","Lucanus","LUCANUS","T62, T01, N01","","","Terracota / Camello, Negro","","","","","si"
"maranon","si","loncheras-y-accesorios","Cartuchera","Unisex","Maranon","MARANON","G1N, Z3Y, 9VB","","","Gris, Azul","","","","","si"
"mariposa","si","loncheras-y-accesorios","Cartuchera","Unisex","Mariposa","MARIPOSA","","","","","","","","","si"
"maryam","si","loncheras-y-accesorios","Cartuchera","Unisex","Maryam","MARYAM","N01","","","Negro","","","","","si"
"mirage","si","loncheras-y-accesorios","Cartuchera","Unisex","Mirage","MIRAGE","7EO","","","","","","","","si"
"multiuso-acala","si","loncheras-y-accesorios","Cartuchera","Unisex","Multiuso Acala","MULTIUSO ACALA","3I9","","","","","","","","si"
"multiuso-kretona","si","loncheras-y-accesorios","Cartuchera","Unisex","Multiuso Kretona","MULTIUSO KRETONA","0LB","","","","","","","","si"
"multiuso-mairana","si","loncheras-y-accesorios","Cartuchera","Unisex","Multiuso Mairana","MULTIUSO MAIRANA","Z31, V06","","","Azul, Verde","","","","","si"
"multiuso-portaminas","si","loncheras-y-accesorios","Cartuchera","Unisex","Multiuso Portaminas","MULTIUSO PORTAMINAS","8GT, 8MB","","","","","","","","si"
"multiusos-kijal","si","loncheras-y-accesorios","Cartuchera","Unisex","Multiusos Kijal","MULTIUSOS KIJAL","5L6, 8GS","","","","","","","","si"
"nesecer-flores","si","loncheras-y-accesorios","Cartuchera","Unisex","Nesecer Flores","NESECER FLORES","","","","Negro","","","","","si"
"neuquen","si","loncheras-y-accesorios","Cartuchera","Unisex","Neuquen","NEUQUEN","GZ0, NG0, VG0, GO0","","","Gris, Negro, Verde","","","","","si"
"pidal","si","loncheras-y-accesorios","Cartuchera","Unisex","Pidal","PIDAL","T55, N01, TSS, T49, R15, 7T5, Z6O, Z2K","","","Terracota / Camello, Negro, Rojo, Azul","","","","","si"
"plastilina","si","loncheras-y-accesorios","Cartuchera","Unisex","Plastilina","PLASTILINA","8GO","","","","","","","","si"
"portaminas","si","loncheras-y-accesorios","Cartuchera","Unisex","Portaminas","PORTAMINAS","0LC, 4SJ, 2IQ, 5LP, 8MB, 8MA, 9LJ, 1IU, 8GT, 9VJ, 6LV, 0LE, 6LX, 1OX, 2I7, 4RZ, 0LI, 8GO, 3SD, 4RY, 5LT, 7MJ","","","","","","","","si"
"quebec","si","loncheras-y-accesorios","Cartuchera","Unisex","Quebec","QUEBEC","G98","","","Gris","","","","","si"
"resaltado","si","loncheras-y-accesorios","Cartuchera","Unisex","Resaltado","RESALTADO","6LV, 1OX, 3IW, 5LP, 2IR, 0LD, 2I7, 5SR, 1ID, 8GT, 3LR, 9VB","","","","","","","","si"
"sobre","si","loncheras-y-accesorios","Cartuchera","Unisex","Sobre","SOBRE","1OX, 0LD, 1IV, 3LR, 0LC, 4SJ, 2O4, 3IW, 0DJ, 5L9, 9LJ, M2F, 5S8, 2IR, 31S, 1IU, 4I4, 6LV, 4SH, 4S5, 8VH, 9VJ, 4SE, 8UR, 8M2, 3IP, 5S6, 7MN, 3SI, 5SO, 5SR, 8G0, 8GN, 4RY, 1EU, 4L8, 8LC, 6LP, 5LW, 6LL, 4EA, 4SK, 6GF, 9TJ, 0LE, Z04, Z05, 5R9, 5LP, 0F0, 8MA, 5RB","","","Marrón, Azul","","","","","si"
"soccer","si","loncheras-y-accesorios","Cartuchera","Unisex","Soccer","SOCCER","9LF","","","","","","","","si"
"sticute","si","loncheras-y-accesorios","Cartuchera","Unisex","Sticute","STICUTE","7MX","","","","","","","","si"
"street","si","loncheras-y-accesorios","Cartuchera","Unisex","Street","STREET","4SA","","","","","","","","si"
"tablero","si","loncheras-y-accesorios","Cartuchera","Unisex","Tablero","TABLERO","ZIR","","","Azul","","","","","si"
"tajalapiz","si","loncheras-y-accesorios","Cartuchera","Unisex","Tajalapiz","TAJALAPIZ","9VJ, 7MJ, 2IQ, 1OX, 4SJ, 5LP, 1IV, 8MA, 7ML, 4SE, 2IR, 5LW, N01, 8GN, Z04, 4RZ, 4VM","","","Negro, Azul","","","","","si"
"zurich","si","loncheras-y-accesorios","Cartuchera","Unisex","Zurich","ZURICH","Z3Y, G1N, M2F, Z11, T49, Z32","","","Azul, Gris, Marrón, Terracota / Camello","","","","","si"
"auburn","si","loncheras-y-accesorios","Lonchera","Unisex","Auburn","AUBURN","Z32, G1N, Z04","","","Azul, Gris","","","","","si"
"batara","si","loncheras-y-accesorios","Lonchera","Unisex","Batara","BATARA","R15, P15","","","Rojo, Plomo / Perla","","lonchera-batara-r15.webp","lonchera-batara-r15.webp","","si"
"borrador","si","loncheras-y-accesorios","Lonchera","Unisex","Borrador","BORRADOR","4I4, Z04, 5LQ, 5L9, 8GT, 0D6, 6LV, 2I7, 3IW, 3IP, 3IR, 7LG, 0DJ, 0LJ, 4I5, 5L8, 6LX, 5SR, 3LR, 2O4, 3IS, 5LP, 7MJ, 1ID, 0FT, 4LZ, 6VB, 6LU, 8LU, 8MA, 7MN, 8L2, 1OX, 2I4, 2IR, 0LD, 5S6, 4SE, 1OY, 9TJ, 4RY, 5R9, 0F0, 8G0, 9VB, 6L9, 9G8, 8L3, 7LR, 8GP, 1OO, 6LN, 8L0, 86E, 8L9, 6LS, 3SD, 4RZ, 0LH, 8E2, 8E6","","","Azul","","lonchera-borrador-4ry.webp","lonchera-borrador-4ry.webp, lonchera-borrador-4se.webp, lonchera-borrador-8e2.webp, lonchera-borrador-8e6.webp","","si"
"brina","si","loncheras-y-accesorios","Lonchera","Unisex","Brina","BRINA","1OY","","","","","","","","si"
"car-malogrado-3d","si","loncheras-y-accesorios","Lonchera","Unisex","Car Malogrado 3d","CAR MALOGRADO 3D","","","","","","","","","si"
"dervy","si","loncheras-y-accesorios","Lonchera","Unisex","Dervy","DERVY","Z04, G1N, V0R","","","Azul, Gris, Verde","","","","","si"
"diadema","si","loncheras-y-accesorios","Lonchera","Unisex","Diadema","DIADEMA","Z3W","","","Azul","","","","","si"
"estoril","si","loncheras-y-accesorios","Lonchera","Unisex","Estoril","ESTORIL","Z11, R76, V07","","","Azul, Rojo, Verde","","","","","si"
"feliza","si","loncheras-y-accesorios","Lonchera","Unisex","Feliza","FELIZA","8ME","","","","","","","","si"
"kokeshi","si","loncheras-y-accesorios","Lonchera","Unisex","Kokeshi","KOKESHI","2I1","","","","","","","","si"
"liry","si","loncheras-y-accesorios","Lonchera","Unisex","Liry","LIRY","3IA","","","","","","","","si"
"lonchera-de-mochila-rue","si","loncheras-y-accesorios","Lonchera","Unisex","Lonchera De Mochila Rue","LONCHERA DE MOCHILA RUE","","","","","","","","","si"
"lonchera-de-ruedas","si","loncheras-y-accesorios","Lonchera","Unisex","Lonchera De Ruedas","LONCHERA DE RUEDAS","","","","","","","","","si"
"lonchera-gris","si","loncheras-y-accesorios","Lonchera","Unisex","Lonchera-Gris","LONCHERA-GRIS","","","","","","","","","si"
"loncheras-etiqueta-perdi","si","loncheras-y-accesorios","Lonchera","Unisex","Loncheras Etiqueta Perdi","LONCHERAS ETIQUETA PERDI","","","","","","","","","si"
"meow","si","loncheras-y-accesorios","Lonchera","Unisex","Meow","MEOW","4EN","","","","","","","","si"
"mileto","si","loncheras-y-accesorios","Lonchera","Unisex","Mileto","MILETO","OI9","","","","","","","","si"
"mutualy-ciclismo","si","loncheras-y-accesorios","Lonchera","Unisex","Mutualy Ciclismo","MUTUALY CICLISMO","V02","","","Verde","","","","","si"
"niriel","si","loncheras-y-accesorios","Lonchera","Unisex","Niriel","NIRIEL","NO0, NV0","","","Negro","","","","","si"
"notebook","si","loncheras-y-accesorios","Lonchera","Unisex","Notebook","NOTEBOOK","7MK, 8V9, GLS, 3LQ, 1ID, 7V9, 7ML, 6LO, 6LI, 7GG, 8TS, 1OR, 6LX, 6LT, 5EZ, M2F, 6LS","","","Gris, Marrón","","","","","si"
"notebook-flores","si","loncheras-y-accesorios","Lonchera","Unisex","Notebook Flores","NOTEBOOK FLORES","","","","","","","","","si"
"patchly","si","loncheras-y-accesorios","Lonchera","Unisex","Patchly","PATCHLY","7MZ","","","","","","","","si"
"pizarra","si","loncheras-y-accesorios","Lonchera","Unisex","Pizarra","PIZARRA","1OX, 1IV, 8MA, 5L9, 3IP, 0LD, 4I4, 7LG, 2O4, 0DJ, 5SR, 3IR, 1IE, 6MO, 6LV, 3IS, 0FT, 7V9, 6LS, 1OR, 5LV, 8VG, 7VA, 9VJ, 8GN, 5R9, 8L9, 0F0, 5RB, 4I5, 0SM, 1LV, 9B4, 4RZ, 5L8, 5EY, 5LP, 8V9, M2F, PF0, IVJ, 1FF, 9TJ, 3IQ, 0D6, 6LX, 5SO, 3IW, 2IR, 5MH, 4SE, 0LC, 2SA, 3LQ, 3LR, 0IJ, 7VK, 8E4, 8LU","","","Marrón, Plomo / Perla","","lonchera-pizarra-0dj.webp","lonchera-pizarra-0dj.webp, lonchera-pizarra-0ft.webp, lonchera-pizarra-1iv.webp, lonchera-pizarra-2o4.webp, lonchera-pizarra-4i4.webp, lonchera-pizarra-5r9.webp, lonchera-pizarra-7lg.webp, lonchera-pizarra-8e4.webp, lonchera-pizarra-8lu.webp, lonchera-pizarra-8ma.webp, lonchera-pizarra-9b4.webp, lonchera-pizarra-9vj.webp","","si"
"resaltador","si","loncheras-y-accesorios","Lonchera","Unisex","Resaltador","RESALTADOR","6LX, 7MN, 6VB, 4LZ, 2SA, 0LC, 2IR, 3IW, 1OX, 1ID, 8GN, 8L9, 8TS, 9VJ, 8G7, 9LJ, 6LO, 86T","","","","","","","","si"
"sensory","si","loncheras-y-accesorios","Lonchera","Unisex","Sensory","SENSORY","P75","","","Plomo / Perla","","","","","si"
"siloam","si","loncheras-y-accesorios","Lonchera","Unisex","Siloam","SILOAM","P75, Z11","","","Plomo / Perla, Azul","","","","","si"
"street-verde-con-alumino","si","loncheras-y-accesorios","Lonchera","Unisex","Street Verde Con Alumino","STREET VERDE CON ALUMINO","4SA","","","","","","","","si"
"takoma","si","loncheras-y-accesorios","Lonchera","Unisex","Takoma","TAKOMA","V3S","","","Verde","","","","","si"
"akoki","si","loncheras-y-accesorios","Multiusos","Unisex","Akoki","AKOKI","G17","","","Gris","","","","","si"
"antalya","si","loncheras-y-accesorios","Multiusos","Unisex","Antalya","ANTALYA","N01, M1O","","","Negro, Marrón","","","","","si"
"astral","si","loncheras-y-accesorios","Multiusos","Unisex","Astral","ASTRAL","7G7","","","","","","","","si"
"azusa","si","loncheras-y-accesorios","Multiusos","Unisex","Azusa","AZUSA","Z32","","","Azul","","","","","si"
"batian","si","loncheras-y-accesorios","Multiusos","Unisex","Batian","BATIAN","TT0","","","Terracota / Camello","","","","","si"
"billetera-halvo","si","loncheras-y-accesorios","Multiusos","Unisex","Billetera Halvo","BILLETERA HALVO","V0O","","","Verde","","","","","si"
"billetera-kuma","si","loncheras-y-accesorios","Multiusos","Unisex","Billetera Kuma","BILLETERA KUMA","Z3W","","","Azul","","","","","si"
"billetera-manret","si","loncheras-y-accesorios","Multiusos","Unisex","Billetera Manret","BILLETERA MANRET","T2I","","","Terracota / Camello","","","","","si"
"billetera-remora","si","loncheras-y-accesorios","Multiusos","Unisex","Billetera Remora","BILLETERA REMORA","T2I","","","Terracota / Camello","","","","","si"
"billetera-rigaly","si","loncheras-y-accesorios","Multiusos","Unisex","Billetera Rigaly","BILLETERA RIGALY","3IL","","","","","","","","si"
"billetera-rigil","si","loncheras-y-accesorios","Multiusos","Unisex","Billetera Rigil","BILLETERA RIGIL","G86","","","Gris","","","","","si"
"blitany","si","loncheras-y-accesorios","Multiusos","Unisex","Blitany","BLITANY","0LB","","","","","","","","si"
"bolso-conito","si","loncheras-y-accesorios","Multiusos","Unisex","Bolso Conito","BOLSO CONITO","P25","","","Plomo / Perla","","","","","si"
"bolso-lucerito","si","loncheras-y-accesorios","Multiusos","Unisex","Bolso Lucerito","BOLSO LUCERITO","8G1","","","","","","","","si"
"bolso-paita","si","loncheras-y-accesorios","Multiusos","Unisex","Bolso Paita","BOLSO PAITA","G17","","","Gris","","","","","si"
"cartera","si","loncheras-y-accesorios","Multiusos","Unisex","Cartera","CARTERA","","","","Azul","","","","","si"
"cielito","si","loncheras-y-accesorios","Multiusos","Unisex","Cielito","CIELITO","Z1S","","","Azul","","","","","si"
"comira-faffy","si","loncheras-y-accesorios","Multiusos","Unisex","Comira Faffy","COMIRA FAFFY","T2Y","","","Terracota / Camello","","","","","si"
"conitos","si","loncheras-y-accesorios","Multiusos","Unisex","Conitos","CONITOS","P25","","","Plomo / Perla","","","","","si"
"cooppy","si","loncheras-y-accesorios","Multiusos","Unisex","Cooppy","COOPPY","G17","","","Gris","","","","","si"
"donut","si","loncheras-y-accesorios","Multiusos","Unisex","Donut","DONUT","P25","","","Plomo / Perla","","","","","si"
"eshita","si","loncheras-y-accesorios","Multiusos","Unisex","Eshita","ESHITA","0LB","","","","","","","","si"
"espongy","si","loncheras-y-accesorios","Multiusos","Unisex","Espongy","ESPONGY","G17","","","Gris","","","","","si"
"faldin","si","loncheras-y-accesorios","Multiusos","Unisex","Faldin","FALDIN","P25","","","Plomo / Perla","","","","","si"
"floreana","si","loncheras-y-accesorios","Multiusos","Unisex","Floreana","FLOREANA","Z3I","","","Azul","","","","","si"
"frederic","si","loncheras-y-accesorios","Multiusos","Unisex","Frederic","FREDERIC","N01","","","Negro","","","","","si"
"fujita","si","loncheras-y-accesorios","Multiusos","Unisex","Fujita","FUJITA","N01","","","Negro","","","","","si"
"galany","si","loncheras-y-accesorios","Multiusos","Unisex","Galany","GALANY","N01","","","Negro","","","","","si"
"gorro-de-hilo","si","loncheras-y-accesorios","Multiusos","Unisex","Gorro De Hilo","GORRO DE HILO","","","","","","","","","si"
"guaqui","si","loncheras-y-accesorios","Multiusos","Unisex","Guaqui","GUAQUI","7EV","","","","","","","","si"
"imbabura","si","loncheras-y-accesorios","Multiusos","Unisex","Imbabura","IMBABURA","V4I, G1N, P25","","","Verde, Gris, Plomo / Perla","","","","","si"
"individual","si","loncheras-y-accesorios","Multiusos","Unisex","Individual","INDIVIDUAL","AZUL","","","Arena","","","","","si"
"irati","si","loncheras-y-accesorios","Multiusos","Unisex","Irati","IRATI","P1T, T01","","","Plomo / Perla, Terracota / Camello","","","","","si"
"javari","si","loncheras-y-accesorios","Multiusos","Unisex","Javari","JAVARI","V4D","","","Verde","","","","","si"
"kaben","si","loncheras-y-accesorios","Multiusos","Unisex","Kaben","KABEN","T2I","","","Terracota / Camello","","","","","si"
"kitsap","si","loncheras-y-accesorios","Multiusos","Unisex","Kitsap","KITSAP","R75","","","Rojo","","","","","si"
"koala-para-billetera","si","loncheras-y-accesorios","Multiusos","Unisex","Koala Para Billetera","KOALA PARA BILLETERA","ZN0","","","Azul","","","","","si"
"lunarity","si","loncheras-y-accesorios","Multiusos","Unisex","Lunarity","LUNARITY","Z21","","","Azul","","","","","si"
"machachi","si","loncheras-y-accesorios","Multiusos","Unisex","Machachi","MACHACHI","V06, T2Z","","","Verde, Terracota / Camello","","","","","si"
"mairana","si","loncheras-y-accesorios","Multiusos","Unisex","Mairana","MAIRANA","Z31, P1S, V06","","","Azul, Plomo / Perla, Verde","","","","","si"
"malebo","si","loncheras-y-accesorios","Multiusos","Unisex","Malebo","MALEBO","T2I","","","Terracota / Camello","","","","","si"
"malebo-2","si","loncheras-y-accesorios","Multiusos","Unisex","Malebo","MALEBO S/E","R44","","","Rojo","","","","","si"
"maneta","si","loncheras-y-accesorios","Multiusos","Unisex","Maneta","MANETA","N01","","","Negro","","","","","si"
"marron","si","loncheras-y-accesorios","Multiusos","Unisex","Marron","MARRON","","","","","","","","","si"
"millau","si","loncheras-y-accesorios","Multiusos","Unisex","Millau","MILLAU","V06","","","Verde","","","","","si"
"mirage-2","si","loncheras-y-accesorios","Multiusos","Unisex","Mirage 2","MIRAGE 2","7EO","","","","","","","","si"
"multiuso-belma","si","loncheras-y-accesorios","Multiusos","Unisex","Multiuso Belma","MULTIUSO BELMA","7T5","","","","","","","","si"
"multiuso-maneta","si","loncheras-y-accesorios","Multiusos","Unisex","Multiuso Maneta","MULTIUSO MANETA","N01","","","Negro","","","","","si"
"multiuso-sarandi","si","loncheras-y-accesorios","Multiusos","Unisex","Multiuso Sarandi","MULTIUSO SARANDI","G17","","","Gris","","","","","si"
"multiusos-fujita","si","loncheras-y-accesorios","Multiusos","Unisex","Multiusos Fujita","MULTIUSOS FUJITA","","","","","","","","","si"
"multiusos-genio","si","loncheras-y-accesorios","Multiusos","Unisex","Multiusos Genio","MULTIUSOS GENIO","","","","","","","","","si"
"nesecer-fujita","si","loncheras-y-accesorios","Multiusos","Unisex","Nesecer Fujita","NESECER FUJITA","N01","","","Negro","","","","","si"
"nicea","si","loncheras-y-accesorios","Multiusos","Unisex","Nicea","NICEA","T1W","","","Terracota / Camello","","","","","si"
"oreca","si","loncheras-y-accesorios","Multiusos","Unisex","Oreca","ORECA","P0E","","","Plomo / Perla","","","","","si"
"pancra","si","loncheras-y-accesorios","Multiusos","Unisex","Pancra","PANCRA","5EO","","","","","","","","si"
"pasaly","si","loncheras-y-accesorios","Multiusos","Unisex","Pasaly","PASALY","P1T","","","Plomo / Perla","","","","","si"
"pavoreal","si","loncheras-y-accesorios","Multiusos","Unisex","Pavoreal","PAVOREAL","","","","","","","","","si"
"poncho","si","loncheras-y-accesorios","Multiusos","Unisex","Poncho","PONCHO","","","","Azul","","","","","si"
"porta-disco","si","loncheras-y-accesorios","Multiusos","Unisex","Porta Disco","PORTA DISCO","1N7","","","","","","","","si"
"rene","si","loncheras-y-accesorios","Multiusos","Unisex","Rene","RENE","Z3Y","","","Azul","","","","","si"
"rioja","si","loncheras-y-accesorios","Multiusos","Unisex","Rioja","RIOJA","T84","","","Terracota / Camello","","","","","si"
"sarandy","si","loncheras-y-accesorios","Multiusos","Unisex","Sarandy","SARANDY","G1N, M1O, T84","","","Gris, Marrón, Terracota / Camello","","","","","si"
"shopping-hola","si","loncheras-y-accesorios","Multiusos","Unisex","Shopping Hola","SHOPPING HOLA","Z3I","","","Azul","","","","","si"
"shopping-palora","si","loncheras-y-accesorios","Multiusos","Unisex","Shopping Palora","SHOPPING PALORA","Z3I, V4I","","","Azul, Verde","","","","","si"
"shopping-rainbowly","si","loncheras-y-accesorios","Multiusos","Unisex","Shopping Rainbowly","SHOPPING RAINBOWLY","RI3","","","Rojo","","","","","si"
"shopping-sticute","si","loncheras-y-accesorios","Multiusos","Unisex","Shopping Sticute","SHOPPING STICUTE","7MX","","","","","","","","si"
"taches","si","loncheras-y-accesorios","Multiusos","Unisex","Taches","TACHES","Z45, PIS","","","Azul, Plomo / Perla","","","","","si"
"tarjetero","si","loncheras-y-accesorios","Multiusos","Unisex","Tarjetero","TARJETERO","","","","Verde","","","","","si"
"tupiza","si","loncheras-y-accesorios","Multiusos","Unisex","Tupiza","TUPIZA","P1S","","","Plomo / Perla","","","","","si"
"turina","si","loncheras-y-accesorios","Multiusos","Unisex","Turina","TURINA","1O3","","","","","","","","si"
"viajero","si","loncheras-y-accesorios","Multiusos","Unisex","Viajero","S/E VIAJERO","1FG, N01","","","Negro","","","","","si"
"viajero-birunga","si","loncheras-y-accesorios","Multiusos","Unisex","Viajero Birunga","VIAJERO BIRUNGA","3IM, 7EV","","","","","","","","si"
"viajero-birunga-guaqui","si","loncheras-y-accesorios","Multiusos","Unisex","Viajero Birunga (Guaqui)","VIAJERO BIRUNGA (GUAQUI)","7EV","","","","","","","","si"
"male","si","maletas-y-viaje","Maleta","Unisex","Male","MALE","","","","Rosado","","","","","si"
"male-morada-plasti","si","maletas-y-viaje","Maleta","Unisex","Male Morada Plasti","MALE MORADA PLASTI - TEL","","","","","","","","","si"
"maleta","si","maletas-y-viaje","Maleta","Unisex","Maleta","MALETA S/E","","","","Azul","","","","","si"
"maleta-2","si","maletas-y-viaje","Maleta","Unisex","Maleta -","MALETA -","","","","Rosado","","","","","si"
"maleta-varios-colores","si","maletas-y-viaje","Maleta","Unisex","Maleta - Varios Colores","MALETA - VARIOS COLORES","","","","","","","","","si"
"maleta-verde-claro","si","maletas-y-viaje","Maleta","Unisex","Maleta - Verde Claro","MALETA - VERDE CLARO","","","","","","","","","si"
"maleta-360-travel-lites","si","maletas-y-viaje","Maleta","Unisex","Maleta 360 Travel Lites","MALETA 360 TRAVEL LITES","M62","","","Marrón","","","","","si"
"maleta-azul-plastico","si","maletas-y-viaje","Maleta","Unisex","Maleta Azul - Plastico","MALETA AZUL - PLASTICO S/E","","","","","","","","","si"
"maleta-bell","si","maletas-y-viaje","Maleta","Unisex","Maleta Bell","MALETA BELL","MON","","","Marrón","","","","","si"
"maleta-boroz","si","maletas-y-viaje","Maleta","Unisex","Maleta Boroz","MALETA BOROZ","NGR","","","Negro","","","","","si"
"maleta-cathay","si","maletas-y-viaje","Maleta","Unisex","Maleta Cathay","MALETA CATHAY","N01","","","Negro","","","","","si"
"maleta-growler","si","maletas-y-viaje","Maleta","Unisex","Maleta Growler","MALETA GROWLER","N01","","","Negro","","","","","si"
"maleta-hawlker","si","maletas-y-viaje","Maleta","Unisex","Maleta Hawlker","MALETA HAWLKER","G48","","","Gris","","","","","si"
"maleta-hornet","si","maletas-y-viaje","Maleta","Unisex","Maleta Hornet","MALETA HORNET","M87","","","Marrón","","","","","si"
"maleta-lacerna","si","maletas-y-viaje","Maleta","Unisex","Maleta Lacerna","MALETA LACERNA","N01","","","Negro","","","","","si"
"maleta-lacerta","si","maletas-y-viaje","Maleta","Unisex","Maleta Lacerta","MALETA LACERTA","N01, V3I","","","Negro, Verde","","","","","si"
"maleta-lacerta-2","si","maletas-y-viaje","Maleta","Unisex","Maleta Lacerta","MALETA LACERTA - M","N01","","","Negro","","","","","si"
"maleta-lacerta-3","si","maletas-y-viaje","Maleta","Unisex","Maleta Lacerta","MALETA LACERTA - L","ROSA","","","Rojo","","","","","si"
"maleta-moray-varias-colores","si","maletas-y-viaje","Maleta","Unisex","Maleta Moray - Varias Colores","MALETA MORAY - VARIAS COLORES","5LV","","","","","","","","si"
"maleta-osprey","si","maletas-y-viaje","Maleta","Unisex","Maleta Osprey","MALETA OSPREY","M87, N01","","","Rojo","","","","","si"
"maleta-pegases","si","maletas-y-viaje","Maleta","Unisex","Maleta Pegases","MALETA PEGASES","5LW, 9LJ, 8MA, 0LH","","","","","maleta-viaje-360-pegases-8ma.webp","maleta-viaje-360-pegases-8ma.webp, maleta-viaje-360-pegases-0lh.webp, maleta-viaje-360-pegases-9lj.webp","","si"
"maleta-sabre","si","maletas-y-viaje","Maleta","Unisex","Maleta Sabre","MALETA SABRE","M0N","","","Marrón","","","","","si"
"maleta-travel-lite","si","maletas-y-viaje","Maleta","Unisex","Maleta Travel - Lite","MALETA TRAVEL - LITE","N01","","","Negro","","","","","si"
"maleta-travel-lite-m","si","maletas-y-viaje","Maleta","Unisex","Maleta Travel - Lite M","MALETA TRAVEL - LITE M","M62, N01","","","Marrón, Negro","","","","","si"
"maleta-tula-ruedas-parkar","si","maletas-y-viaje","Maleta","Unisex","Maleta Tula Ruedas Parkar","MALETA TULA RUEDAS PARKAR","N01, ZZ0, ZZ1","","","Negro, Azul","","","","","si"
"maleta-tula-ruedas-parkar-2","si","maletas-y-viaje","Maleta","Unisex","Maleta Tula Ruedas Parkar","MALETA TULA RUEDAS PARKAR - L","N01","","","Negro","","","","","si"
"maleta-turquesa-plastico","si","maletas-y-viaje","Maleta","Unisex","Maleta Turquesa Plastico","MALETA TURQUESA PLASTICO","","","","","","","","","si"
"maletin-ejecutivo-ruedas-wil","si","maletas-y-viaje","Maleta","Unisex","Maletin Ejecutivo Ruedas Wil","MALETIN EJECUTIVO RUEDAS WIL","N01","","","Negro","","","","","si"
"maletinejecutivo-ruedas-wil","si","maletas-y-viaje","Maleta","Unisex","Maletinejecutivo Ruedas Wil","MALETINEJECUTIVO RUEDAS WIL","N01","","","Negro","","","","","si"
"brum-60lt","si","maletas-y-viaje","Mochila de viaje","Unisex","Brum 60lt","BRUM 60LT","RN0, NG0","","","Rojo, Negro","","","","","si"
"kamet","si","maletas-y-viaje","Mochila de viaje","Unisex","Kamet","KAMET","RN0, NG0","","","Rojo, Negro","","","","","si"
"kirat-80lt","si","maletas-y-viaje","Mochila de viaje","Unisex","Kirat 80lt","KIRAT 80LT","NG0, GZ0, RN0","","","Negro, Gris, Rojo","","","","","si"
"nanda-50lt","si","maletas-y-viaje","Mochila de viaje","Unisex","Nanda 50lt","NANDA 50LT","ZG0, GM0, RN0, GZ0","","","Azul, Gris, Rojo","","","","","si"
"pilar-80lt","si","maletas-y-viaje","Mochila de viaje","Unisex","Pilar 80lt","PILAR 80LT","GO0","","","Gris","","","","","si"
"tacana-45lt","si","maletas-y-viaje","Mochila de viaje","Unisex","Tacana 45lt","TACANA 45LT","NR0, GZ0, NG0","","","Negro, Gris","","","","","si"
"teram-agua","si","maletas-y-viaje","Mochila de viaje","Unisex","Teram Agua","TERAM AGUA","RN0, GZ0","","","Rojo, Gris","","","","","si"
"aeris-morado-falla","si","mochilas-y-morrales","Mochila","Unisex","Aeris Morado (Falla)","AERIS MORADO (FALLA)","","","","","","","","","si"
"amir","si","mochilas-y-morrales","Mochila","Unisex","Amir","AMIR","","","","Acero, Negro, Vino, Fucsia","","","","","si"
"anael","si","mochilas-y-morrales","Mochila","Unisex","Anael","ANAEL","","","","Jade, Negro","","","","","si"
"away-azul-cel","si","mochilas-y-morrales","Mochila","Unisex","Away Azul / Cel","AWAY AZUL / CEL","","","","","","","","","si"
"away-azul-kaki","si","mochilas-y-morrales","Mochila","Unisex","Away Azul /Kaki","AWAY AZUL /KAKI","","","","","","","","","si"
"baster","si","mochilas-y-morrales","Mochila","Unisex","Baster","BASTER","","","","Plomo, Azul, Negro, Jade","","","","","si"
"bessy","si","mochilas-y-morrales","Mochila","Unisex","Bessy","BESSY","","","","Morado, Negro, Azul","","","","","si"
"bite","si","mochilas-y-morrales","Mochila","Unisex","Bite","BITE","","","","Acero, Fucsia","","","","","si"
"brady","si","mochilas-y-morrales","Mochila","Unisex","Brady","BRADY","","","","Azul, Plomo, Negro, Vino, Verde","","","","","si"
"brady-negro-azul","si","mochilas-y-morrales","Mochila","Unisex","Brady Negro/Azul","BRADY NEGRO/AZUL S/E","","","","","","","","","si"
"brady-negro-plomo","si","mochilas-y-morrales","Mochila","Unisex","Brady Negro/Plomo","BRADY NEGRO/PLOMO","","","","","","","","","si"
"britany-set","si","mochilas-y-morrales","Mochila","Unisex","Britany Set","BRITANY SET","","","","Celeste, Negro, Morado","","","","","si"
"britany-set-flor","si","mochilas-y-morrales","Mochila","Unisex","Britany Set Flor","BRITANY SET FLOR","","","","Rojo","","","","","si"
"cande","si","mochilas-y-morrales","Mochila","Unisex","Cande","CANDE","","","","Azul","","","","","si"
"canguro-titan","si","mochilas-y-morrales","Mochila","Unisex","Canguro Titan","CANGURO TITAN","","","","Azul, Vino","","","","","si"
"cartera-fit","si","mochilas-y-morrales","Mochila","Unisex","Cartera Fit","CARTERA FIT","","","","Vino","","","","","si"
"craff-flamenco","si","mochilas-y-morrales","Mochila","Unisex","Craff Flamenco","CRAFF FLAMENCO","","","","","","","","","si"
"craft","si","mochilas-y-morrales","Mochila","Unisex","Craft","CRAFT","","","","Plomo","","","","","si"
"dellas","si","mochilas-y-morrales","Mochila","Unisex","Dellas","DELLAS","","","","Negro","","","","","si"
"delta","si","mochilas-y-morrales","Mochila","Unisex","Delta","DELTA","","","","Celeste, Gris, Verde","","","","","si"
"delta-negro-cel","si","mochilas-y-morrales","Mochila","Unisex","Delta Negro/Cel","DELTA NEGRO/CEL","","","","","","","","","si"
"delta-negro-plo","si","mochilas-y-morrales","Mochila","Unisex","Delta Negro/Plo","DELTA NEGRO/PLO","","","","","","","","","si"
"dron","si","mochilas-y-morrales","Mochila","Unisex","Dron","DRON","","","","Negro, Acero","","","","","si"
"duff","si","mochilas-y-morrales","Mochila","Unisex","Duff","DUFF","","","","Azul, Negro, Plomo, Morado, Rojo","","","","","si"
"early","si","mochilas-y-morrales","Mochila","Unisex","Early","EARLY","","","","Verde, Vino, Negro, Plomo","","","","","si"
"foster","si","mochilas-y-morrales","Mochila","Unisex","Foster /","FOSTER /","","","","Verde","","","","","si"
"gibel","si","mochilas-y-morrales","Mochila","Unisex","Gibel","GIBEL","","","","Plomo, Beige","","","","","si"
"gibel-mariposa","si","mochilas-y-morrales","Mochila","Unisex","Gibel Mariposa","GIBEL MARIPOSA","","","","","","","","","si"
"glam","si","mochilas-y-morrales","Mochila","Unisex","Glam","GLAM","","","","Jade, Azul, Negro","","","","","si"
"heral","si","mochilas-y-morrales","Mochila","Unisex","Heral","HERAL","","","","Plomo","","","","","si"
"key-cobalto","si","mochilas-y-morrales","Mochila","Unisex","Key Cobalto","KEY COBALTO","","","","","","","","","si"
"mochila","si","mochilas-y-morrales","Mochila","Unisex","Mochila","MOCHILA S/E","","","","","","","","","si"
"mochila-2","si","mochilas-y-morrales","Mochila","Unisex","Mochila","MOCHILA","","","","","","","","","si"
"mochila-amir","si","mochilas-y-morrales","Mochila","Unisex","Mochila Amir","MOCHILA AMIR","","","","Plomo, Fucsia","","","","","si"
"mochila-aviones","si","mochilas-y-morrales","Mochila","Unisex","Mochila Aviones","MOCHILA AVIONES","","","","","","","","","si"
"mochila-away-azul-kaki","si","mochilas-y-morrales","Mochila","Unisex","Mochila Away Azul / Kaki","MOCHILA AWAY AZUL / KAKI","","","","","","","","","si"
"mochila-away-gris-cel","si","mochilas-y-morrales","Mochila","Unisex","Mochila Away Gris/ Cel","MOCHILA AWAY GRIS/ CEL","","","","","","","","","si"
"mochila-baster","si","mochilas-y-morrales","Mochila","Unisex","Mochila Baster","MOCHILA BASTER","","","","Jade","","","","","si"
"mochila-bessy","si","mochilas-y-morrales","Mochila","Unisex","Mochila Bessy","MOCHILA BESSY","","","","Azul","","","","","si"
"mochila-cat-set","si","mochilas-y-morrales","Mochila","Unisex","Mochila Cat Set","MOCHILA CAT SET","","","","Jade","","","","","si"
"mochila-delta","si","mochilas-y-morrales","Mochila","Unisex","Mochila Delta","MOCHILA DELTA","","","","Azul","","","","","si"
"mochila-delta-neg","si","mochilas-y-morrales","Mochila","Unisex","Mochila Delta Neg","MOCHILA DELTA NEG - CEL","","","","","","","","","si"
"mochila-neg","si","mochilas-y-morrales","Mochila","Unisex","Mochila Neg","MOCHILA NEG - CEL","","","","","","","","","si"
"mochila-novak","si","mochilas-y-morrales","Mochila","Unisex","Mochila Novak","MOCHILA NOVAK","","","","Vino","","","","","si"
"mochila-pax","si","mochilas-y-morrales","Mochila","Unisex","Mochila Pax","MOCHILA PAX","","","","Negro","","","","","si"
"mochila-rurekin","si","mochilas-y-morrales","Mochila","Unisex","Mochila Rurekin","MOCHILA RUREKIN","NZA","","","Negro","","","","","si"
"mochila-school","si","mochilas-y-morrales","Mochila","Unisex","Mochila School","MOCHILA SCHOOL","","","","Plomo","","","","","si"
"mochila-stry","si","mochilas-y-morrales","Mochila","Unisex","Mochila Stry","MOCHILA STRY","","","","Verde, Azul","","","","","si"
"mochila-style","si","mochilas-y-morrales","Mochila","Unisex","Mochila Style","MOCHILA STYLE","","","","Vino","","","","","si"
"mochila-sugap","si","mochilas-y-morrales","Mochila","Unisex","Mochila Sugap","MOCHILA SUGAP","","","","Negro","","","","","si"
"mochila-tocax","si","mochilas-y-morrales","Mochila","Unisex","Mochila Tocax","MOCHILA TOCAX","9V9","","","","","","","","si"
"mochila-week","si","mochilas-y-morrales","Mochila","Unisex","Mochila Week","MOCHILA WEEK","","","","Vino, Rojo","","","","","si"
"north-militar","si","mochilas-y-morrales","Mochila","Unisex","North Militar","NORTH MILITAR","","","","","","","","","si"
"novak","si","mochilas-y-morrales","Mochila","Unisex","Novak","NOVAK","","","","Negro, Verde, Azul, Vino","","","","","si"
"pailan","si","mochilas-y-morrales","Mochila","Unisex","Pailan","PAILAN","","","","","","","","","si"
"pauia","si","mochilas-y-morrales","Mochila","Unisex","Pauia","PAUIA","","","","","","","","","si"
"pax","si","mochilas-y-morrales","Mochila","Unisex","Pax","PAX","","","","Plomo, Negro","","","","","si"
"pax-plata","si","mochilas-y-morrales","Mochila","Unisex","Pax Plata","PAX PLATA","","","","Negro","","","","","si"
"pax-plomo-pc-15-6","si","mochilas-y-morrales","Mochila","Unisex","Pax Plomo Pc 15.6","PAX PLOMO PC 15.6","","","","","","","","","si"
"rania","si","mochilas-y-morrales","Mochila","Unisex","Rania","RANIA","","","","Azul","","","","","si"
"rek-acero-clave","si","mochilas-y-morrales","Mochila","Unisex","Rek Acero - Clave","REK ACERO - CLAVE","","","","","","","","","si"
"rek-azul-clave","si","mochilas-y-morrales","Mochila","Unisex","Rek Azul- Clave","REK AZUL- CLAVE","","","","","","","","","si"
"rek-negro-clave","si","mochilas-y-morrales","Mochila","Unisex","Rek Negro - Clave","REK NEGRO - CLAVE","","","","","","","","","si"
"ryden","si","mochilas-y-morrales","Mochila","Unisex","Ryden","RYDEN","","","","Celeste","","","","","si"
"scatter","si","mochilas-y-morrales","Mochila","Unisex","Scatter","SCATTER","","","","Plomo, Vino","","","","","si"
"scatter-plata","si","mochilas-y-morrales","Mochila","Unisex","Scatter Plata","SCATTER PLATA","","","","","","","","","si"
"specter","si","mochilas-y-morrales","Mochila","Unisex","Specter","SPECTER","","","","Vino, Negro","","","","","si"
"specter-cobalto","si","mochilas-y-morrales","Mochila","Unisex","Specter Cobalto","SPECTER COBALTO","","","","","","","","","si"
"specter-plata","si","mochilas-y-morrales","Mochila","Unisex","Specter Plata","SPECTER PLATA","","","","","","","","","si"
"speed","si","mochilas-y-morrales","Mochila","Unisex","Speed","SPEED","","","","Azul","","","","","si"
"stry","si","mochilas-y-morrales","Mochila","Unisex","Stry","STRY","","","","Plomo, Verde, Azul","","","","","si"
"style","si","mochilas-y-morrales","Mochila","Unisex","Style","STYLE","","","","Vino, Azul","","","","","si"
"sugar","si","mochilas-y-morrales","Mochila","Unisex","Sugar","SUGAR","","","","Beige, Azul, Negro","","","","","si"
"sugar-hojas","si","mochilas-y-morrales","Mochila","Unisex","Sugar Hojas","SUGAR HOJAS","","","","","","","","","si"
"suite","si","mochilas-y-morrales","Mochila","Unisex","Suite","SUITE","","","","Azul","","","","","si"
"trebol","si","mochilas-y-morrales","Mochila","Unisex","Trebol","TREBOL","","","","Morado","","","","","si"
"well","si","mochilas-y-morrales","Mochila","Unisex","Well","WELL","","","","Jade, Plomo, Azul","","","","","si"
"bolso-larinto-vendido-muneca","si","mochilas-y-morrales","Morral","Unisex","Bolso Larinto - Vendido -Muneca","BOLSO LARINTO - VENDIDO -MUNECA","5SU","","","","","","","","si"
"bolso-oleron","si","mochilas-y-morrales","Morral","Unisex","Bolso Oleron","BOLSO OLERON","Z11, N01","","","Azul, Negro","","","","","si"
"bolso-p-tablet-kaben","si","mochilas-y-morrales","Morral","Unisex","Bolso P Tablet Kaben","BOLSO P TABLET KABEN","T2I","","","Terracota / Camello","","","","","si"
"borral-meow","si","mochilas-y-morrales","Morral","Unisex","Borral Meow","BORRAL MEOW - L","4EN","","","","","","","","si"
"borral-meow-2","si","mochilas-y-morrales","Morral","Unisex","Borral Meow","BORRAL MEOW - M","4EN","","","","","","","","si"
"borral-meow-l-vendido-muneca","si","mochilas-y-morrales","Morral","Unisex","Borral Meow - L - Vendido - Muneca","BORRAL MEOW - L - VENDIDO - MUNECA","4EN","","","","","","","","si"
"cartera-azul","si","mochilas-y-morrales","Morral","Unisex","Cartera Azul","CARTERA AZUL S/E","Z04","","","Azul","","","","","si"
"folder-legajador-trappycos","si","mochilas-y-morrales","Morral","Unisex","Folder Legajador Trappycos","FOLDER LEGAJADOR TRAPPYCOS","7VJ, 7GG, 7GF, 7GA","","","","","","","","si"
"lapiz","si","mochilas-y-morrales","Morral","Unisex","Lapiz","LAPIZ","N01","","","Negro","","","","","si"
"maletin-g-y-m","si","mochilas-y-morrales","Morral","Unisex","Maletin G Y M","MALETIN G Y M","AZUL","","","Arena","","","","","si"
"morra-crayola","si","mochilas-y-morrales","Morral","Unisex","Morra Crayola","MORRA CRAYOLA","TO4","","","Terracota / Camello","","","","","si"
"morral","si","mochilas-y-morrales","Morral","Unisex","Morral","MORRAL","","","","Plomo","","","","","si"
"morral-acala","si","mochilas-y-morrales","Morral","Unisex","Morral Acala","MORRAL ACALA - M","3I9","","","","","","","","si"
"morral-acuarela","si","mochilas-y-morrales","Morral","Unisex","Morral Acuarela","MORRAL ACUARELA","Z04, OLE, OLC, OD6, N01, M2F, 9VJ, 9V, 9TJ, 9LJ, 9G8, 9G7, 8VG, 8MA, 8LU, 8LC, 8L3, 8L2, 8GP, 8GN, 8G2, 8G0, 7VK, 7VI, 7V9, 7LG, 7GS, 6LV, 6LS, 6LP, 6LN, 6L8, 5SR, 5SO, 5S6, 5RS, 5RB, 5R9, 5LW, 5LQ, 5LP, 5L9, 5L8, 5L0, 5I5, 5EZ, 4SJ, 4SH, 4SE, 4RZ, 4RY, 4I5, 4I4, 3SC, 3RL, 3IW, 3IS, 3IR, 3IP, 3IL, 2O4, 2IR, 2IQ, 1OX, 1OR, 1IV, 1IU, 1IF, 0LT, 0LI, 0LH, 0LD, 0L5, 0FT, 0F1, 0F0, 0DJ, 0D6","","","Azul, Negro, Marrón","","morral-acuarela-4sj.webp","morral-acuarela-4sj.webp, morral-acuarela-8gn.webp, morral-acuarela-8ma.webp, morral-acuarela-9vj.webp, morral-acuarela-n01.webp","","si"
"morral-acuarela-2","si","mochilas-y-morrales","Morral","Unisex","Morral Acuarela","MORRAL ACUARELA S/E","Z04","","","Azul","","","","","si"
"morral-acuarela-cactus","si","mochilas-y-morrales","Morral","Unisex","Morral Acuarela Cactus","MORRAL ACUARELA CACTUS","ROSA","","","Rojo","","","","","si"
"morral-acuarela-no-se-acuerda-la-etiqu","si","mochilas-y-morrales","Morral","Unisex","Morral Acuarela No Se Acuerda La Etiqu","MORRAL ACUARELA NO SE ACUERDA LA ETIQU","","","","","","","","","si"
"morral-acuarela-verde-pluma","si","mochilas-y-morrales","Morral","Unisex","Morral Acuarela Verde Pluma","MORRAL ACUARELA VERDE PLUMA S/E","5EY","","","","","","","","si"
"morral-acurela","si","mochilas-y-morrales","Morral","Unisex","Morral Acurela","MORRAL ACURELA","7V9, 1OO","","","","","","","","si"
"morral-afido","si","mochilas-y-morrales","Morral","Unisex","Morral Afido","MORRAL AFIDO","GZ0, GP0","","","Gris","","","","","si"
"morral-akuary","si","mochilas-y-morrales","Morral","Unisex","Morral Akuary","MORRAL AKUARY","Z06, P0E","","","Azul, Plomo / Perla","","","","","si"
"morral-alcor","si","mochilas-y-morrales","Morral","Unisex","Morral Alcor","MORRAL ALCOR","Z3Y, Z34, V06, G1N","","","Azul, Verde, Gris","","","","","si"
"morral-animales","si","mochilas-y-morrales","Morral","Unisex","Morral Animales","MORRAL ANIMALES","","","","","","","","","si"
"morral-animalitos","si","mochilas-y-morrales","Morral","Unisex","Morral Animalitos","MORRAL ANIMALITOS","","","","","","","","","si"
"morral-antique","si","mochilas-y-morrales","Morral","Unisex","Morral Antique","MORRAL ANTIQUE","7LF, 5SJ, 4EH, 3IJ","","","","","","","","si"
"morral-arvar","si","mochilas-y-morrales","Morral","Unisex","Morral Arvar","MORRAL ARVAR","N01","","","Negro","","","","","si"
"morral-badra","si","mochilas-y-morrales","Morral","Unisex","Morral Badra","MORRAL BADRA","TZ0, OLG","","","Terracota / Camello","","","","","si"
"morral-badrany","si","mochilas-y-morrales","Morral","Unisex","Morral Badrany","MORRAL BADRANY","7LX","","","","","","","","si"
"morral-barijat","si","mochilas-y-morrales","Morral","Unisex","Morral Barijat","MORRAL BARIJAT","XV0, XA3","","","","","","","","si"
"morral-batman","si","mochilas-y-morrales","Morral","Unisex","Morral Batman","MORRAL BATMAN","","","","Rojo","","","","","si"
"morral-bomper-dunko","si","mochilas-y-morrales","Morral","Unisex","Morral Bomper Dunko","MORRAL BOMPER DUNKO","3UW","","","","","","","","si"
"morral-bomper-miragel","si","mochilas-y-morrales","Morral","Unisex","Morral Bomper Miragel","MORRAL BOMPER MIRAGEL","7EO","","","","","","","","si"
"morral-bomper-motto-cross","si","mochilas-y-morrales","Morral","Unisex","Morral Bomper Motto Cross","MORRAL BOMPER MOTTO CROSS - M","9L9","","","","","","","","si"
"morral-bomper-motto-cross-2","si","mochilas-y-morrales","Morral","Unisex","Morral Bomper Motto Cross","MORRAL BOMPER MOTTO CROSS - L","9L9","","","","","","","","si"
"morral-bomper-motto-cross-3","si","mochilas-y-morrales","Morral","Unisex","Morral Bomper Motto Cross","MORRAL BOMPER MOTTO CROSS","","","","","","","","","si"
"morral-bomper-rabural","si","mochilas-y-morrales","Morral","Unisex","Morral Bomper Rabural","MORRAL BOMPER RABURAL","G18","","","Gris","","","","","si"
"morral-bomper-renglon","si","mochilas-y-morrales","Morral","Unisex","Morral Bomper Renglon","MORRAL BOMPER RENGLON","Z04, 5EY, 8GO, GLN, 5S6, 7MN, 7MK, 5LV, 2IR, 2I4, 3SI, 6LX, 1IU","","","Azul, Gris","","","","","si"
"morral-bomper-renglones","si","mochilas-y-morrales","Morral","Unisex","Morral Bomper Renglones","MORRAL BOMPER RENGLONES","8MA, 4SH, 1IU, 0LE, 2IQ","","","","","morral-rue-bomper-renglones-0le.webp","morral-rue-bomper-renglones-0le.webp, morral-rue-bomper-renglones-2iq.webp, morral-rue-bomper-renglones-4sh.webp","","si"
"morral-bomper-resma","si","mochilas-y-morrales","Morral","Unisex","Morral Bomper Resma","MORRAL BOMPER RESMA - A4","2IQ, 2IR","","","","","","","","si"
"morral-bomper-street-m","si","mochilas-y-morrales","Morral","Unisex","Morral Bomper Street M","MORRAL BOMPER STREET M","4SA","","","","","","","","si"
"morral-bomper-tuning-car","si","mochilas-y-morrales","Morral","Unisex","Morral Bomper Tuning Car","MORRAL BOMPER TUNING CAR - L","9LC","","","","","","","","si"
"morral-bomper-yel","si","mochilas-y-morrales","Morral","Unisex","Morral Bomper Yel","MORRAL BOMPER YEL","N01, Z3Y, V07, R40, P25","","","Negro, Azul, Verde, Rojo, Plomo / Perla","","","","","si"
"morral-boronas","si","mochilas-y-morrales","Morral","Unisex","Morral Boronas","MORRAL BORONAS","6M8","","","","","","","","si"
"morral-brina","si","mochilas-y-morrales","Morral","Unisex","Morral Brina","MORRAL BRINA - M","1OY","","","","","morral-rue-bomper-brina-1oy.webp","morral-rue-bomper-brina-1oy.webp, morral-rue-bomper-brina-m-1oy.webp","","si"
"morral-brina-2","si","mochilas-y-morrales","Morral","Unisex","Morral Brina","MORRAL BRINA - L","1OY","","","","","","","","si"
"morral-bruneus","si","mochilas-y-morrales","Morral","Unisex","Morral Bruneus","MORRAL BRUNEUS","Z73, R15","","","Azul, Rojo","","","","","si"
"morral-bunker-pack-3","si","mochilas-y-morrales","Morral","Unisex","Morral Bunker Pack 3","MORRAL BUNKER PACK 3-0","Z3I","","","Azul","","","","","si"
"morral-calt","si","mochilas-y-morrales","Morral","Unisex","Morral Calt","MORRAL CALT","Z3Y, V07, N01, M2F","","","Azul, Verde, Negro, Marrón","","","","","si"
"morral-caprinj","si","mochilas-y-morrales","Morral","Unisex","Morral Caprinj","MORRAL CAPRINJ","R46","","","Rojo","","","","","si"
"morral-caprinj-cambio","si","mochilas-y-morrales","Morral","Unisex","Morral Caprinj - (Cambio)","MORRAL CAPRINJ - (CAMBIO)","1OD","","","","","","","","si"
"morral-celosia","si","mochilas-y-morrales","Morral","Unisex","Morral Celosia","MORRAL CELOSIA","6L4","","","","","","","","si"
"morral-cervus","si","mochilas-y-morrales","Morral","Unisex","Morral Cervus","MORRAL CERVUS","Z32, V07, V06","","","Azul, Verde","","","","","si"
"morral-cicidela","si","mochilas-y-morrales","Morral","Unisex","Morral Cicidela","MORRAL CICIDELA","Z73, M1O","","","Azul, Marrón","","","","","si"
"morral-cicindela","si","mochilas-y-morrales","Morral","Unisex","Morral Cicindela","MORRAL CICINDELA","M1O","","","Marrón","","","","","si"
"morral-cielo","si","mochilas-y-morrales","Morral","Unisex","Morral Cielo","MORRAL CIELO","2Z2","","","","","","","","si"
"morral-cimarron","si","mochilas-y-morrales","Morral","Unisex","Morral Cimarron","MORRAL CIMARRON","Z3Y, N01","","","Azul, Negro","","","","","si"
"morral-ciruelo","si","mochilas-y-morrales","Morral","Unisex","Morral Ciruelo","MORRAL CIRUELO","Z5V, N01","","","Azul, Negro","","morral-ciruelo-n01.webp","morral-ciruelo-n01.webp, morral-ciruelo-z5v.webp","","si"
"morral-colbert","si","mochilas-y-morrales","Morral","Unisex","Morral Colbert","MORRAL COLBERT","Z6O, TP0, NG0","","","Azul, Terracota / Camello, Negro","","","","","si"
"morral-complimet","si","mochilas-y-morrales","Morral","Unisex","Morral Complimet","MORRAL COMPLIMET","Z34, V07","","","Azul, Verde","","","","","si"
"morral-condorito","si","mochilas-y-morrales","Morral","Unisex","Morral Condorito","MORRAL CONDORITO","","","","","","","","","si"
"morral-corastio","si","mochilas-y-morrales","Morral","Unisex","Morral Corastio","MORRAL CORASTIO","Z3K","","","Azul","","","","","si"
"morral-crayola","si","mochilas-y-morrales","Morral","Unisex","Morral Crayola","MORRAL CRAYOLA","Z06, Z05, Z04, 9B0, 6UA, 6UC, 0D3, 1IU, 1IV, 1OX, 204, 31P, 3IR, 4I4, 4RZ, 5L9, 5LB, 5R9, 5RB, 7LG, 8E2, 9T3","","","Azul","","morral-rayol-0d3.webp","morral-rayol-0d3.webp, morral-rayol-1iu.webp, morral-rayol-1iv.webp, morral-rayol-1ox.webp, morral-rayol-204.webp, morral-rayol-31p.webp, morral-rayol-3ir.webp, morral-rayol-4i4.webp, morral-rayol-4rz.webp, morral-rayol-5l9.webp, morral-rayol-5lb.webp, morral-rayol-5r9.webp, morral-rayol-5rb.webp, morral-rayol-7lg.webp, morral-rayol-8e2.webp, morral-rayol-9t3.webp, morral-rayol-z04.webp","","si"
"morral-croyola","si","mochilas-y-morrales","Morral","Unisex","Morral Croyola","MORRAL CROYOLA","6UC","","","","","","","","si"
"morral-deily","si","mochilas-y-morrales","Morral","Unisex","Morral Deily","MORRAL DEILY","Z32, V07","","","Azul, Verde","","","","","si"
"morral-deleg","si","mochilas-y-morrales","Morral","Unisex","Morral Deleg","MORRAL DELEG S/E","N01","","","Negro","","","","","si"
"morral-dely","si","mochilas-y-morrales","Morral","Unisex","Morral Dely","MORRAL DELY","Z32","","","Azul","","","","","si"
"morral-dinamic","si","mochilas-y-morrales","Morral","Unisex","Morral Dinamic","MORRAL DINAMIC","P0E","","","Plomo / Perla","","","","","si"
"morral-dinamicon","si","mochilas-y-morrales","Morral","Unisex","Morral Dinamicon","MORRAL DINAMICON","Z3I, V09","","","Azul, Verde","","","","","si"
"morral-duff","si","mochilas-y-morrales","Morral","Unisex","Morral Duff","MORRAL DUFF","","","","Amarillo, Rojo","","","","","si"
"morral-dynamic","si","mochilas-y-morrales","Morral","Unisex","Morral Dynamic","MORRAL DYNAMIC","Z1S, V06, N01, G86","","","Azul, Verde, Negro, Gris","","","","","si"
"morral-emelinda","si","mochilas-y-morrales","Morral","Unisex","Morral Emelinda","MORRAL EMELINDA","6LJ, 5SE, 4SB, 3IC","","","","","","","","si"
"morral-epace","si","mochilas-y-morrales","Morral","Unisex","Morral Epace","MORRAL EPACE","","","","Negro","","","","","si"
"morral-estreet","si","mochilas-y-morrales","Morral","Unisex","Morral Estreet","MORRAL ESTREET - L","4SA","","","","","","","","si"
"morral-felge","si","mochilas-y-morrales","Morral","Unisex","Morral Felge","MORRAL FELGE","8LT","","","","","","","","si"
"morral-fix","si","mochilas-y-morrales","Morral","Unisex","Morral Fix","MORRAL FIX","","","","Morado, Jade","","","","","si"
"morral-flores-devuelto-fallada","si","mochilas-y-morrales","Morral","Unisex","Morral Flores - Devuelto -Fallada","MORRAL FLORES - DEVUELTO -FALLADA","","","","","","","","","si"
"morral-gamatto","si","mochilas-y-morrales","Morral","Unisex","Morral Gamatto","MORRAL GAMATTO","3IK, 3I1","","","","","","","","si"
"morral-gammatto","si","mochilas-y-morrales","Morral","Unisex","Morral Gammatto","MORRAL GAMMATTO","Z5I, Z32, V0R, M62, 5SU, 3IK","","","Azul, Verde, Marrón","","","","","si"
"morral-gazania","si","mochilas-y-morrales","Morral","Unisex","Morral Gazania","MORRAL GAZANIA","V35, N01","","","Verde, Negro","","","","","si"
"morral-goctal","si","mochilas-y-morrales","Morral","Unisex","Morral Goctal","MORRAL GOCTAL","V99, T55, 9TG","","","Verde, Terracota / Camello","","","","","si"
"morral-gomas","si","mochilas-y-morrales","Morral","Unisex","Morral Gomas","MORRAL GOMAS","N01","","","Negro","","","","","si"
"morral-gommas","si","mochilas-y-morrales","Morral","Unisex","Morral Gommas","MORRAL GOMMAS","OLH, N01, 9VB, 8MB, 8MA, 8GO, 8GN, 8GM, 8G7, 6VC, 5S6, 5LW, 5LP, 4SH, 4SE, 4RY, 2IQ, 1IV, 0LI, 0LH, 0LD, 0LC","","","Negro","","","","","si"
"morral-gris-diseno","si","mochilas-y-morrales","Morral","Unisex","Morral Gris Diseno","MORRAL GRIS DISENO","","","","","","","","","si"
"morral-gris-diseno-tamano-gommas","si","mochilas-y-morrales","Morral","Unisex","Morral Gris Diseno (Tamano, Gommas)","MORRAL GRIS DISENO (TAMANO, GOMMAS)","","","","","","","","","si"
"morral-grupy","si","mochilas-y-morrales","Morral","Unisex","Morral Grupy","MORRAL GRUPY","8GK","","","","","","","","si"
"morral-gurpila","si","mochilas-y-morrales","Morral","Unisex","Morral Gurpila","MORRAL GURPILA","8LT","","","","","","","","si"
"morral-hexacam","si","mochilas-y-morrales","Morral","Unisex","Morral Hexacam","MORRAL HEXACAM - M","N01","","","Negro","","","","","si"
"morral-hierro","si","mochilas-y-morrales","Morral","Unisex","Morral Hierro","MORRAL HIERRO","N01","","","Negro","","","","","si"
"morral-hierry","si","mochilas-y-morrales","Morral","Unisex","Morral Hierry","MORRAL HIERRY","NZT","","","Negro","","","","","si"
"morral-jaideny","si","mochilas-y-morrales","Morral","Unisex","Morral Jaideny","MORRAL JAIDENY","N01, 9TD, 9PD, 8GK, 5LS","","","Celeste","","","","","si"
"morral-kactus-gris-no-entre-em-lista","si","mochilas-y-morrales","Morral","Unisex","Morral Kactus Gris (No Entre Em Lista)","MORRAL KACTUS GRIS (NO ENTRE EM LISTA)","","","","","","","","","si"
"morral-kaine","si","mochilas-y-morrales","Morral","Unisex","Morral Kaine","MORRAL KAINE","ZN0, VN0","","","Azul, Verde","","","","","si"
"morral-krimmbler","si","mochilas-y-morrales","Morral","Unisex","Morral Krimmbler","MORRAL KRIMMBLER","5S8, 9TG","","","","","","","","si"
"morral-lapicero","si","mochilas-y-morrales","Morral","Unisex","Morral Lapicero","MORRAL LAPICERO","7VK, 7VI, 7VA, 76G, 4VK, 4L8, 3LR, 1O0, 1IF","","","","","","","","si"
"morral-lapiz","si","mochilas-y-morrales","Morral","Unisex","Morral Lapiz","MORRAL LAPIZ","Z04, OLH, N01, HSH, 9VJ, 9VB, 8V9, 8LU, 8L3, 8L1, 8GO, 8GN, 8EP, 7V9, 7GG, 6VC, 6LV, 6LO, 6LL, 5SR, 5RB, 5LW, 5LQ, 5LP, 5L8, 5L0, 5GP, 5EZ, 5EY, 4SJ, 4RZ, 4RY, 2IR, 2I4, 1OX, 1OO, 0LH, 0F0, 0D6, 2IP","","","Azul, Negro","","","","","si"
"morral-lapiz-2","si","mochilas-y-morrales","Morral","Unisex","Morral Lapiz","MORRAL LAPIZ S/E","6LN","","","","","","","","si"
"morral-lapiz-cebra-rayas-verde-agua","si","mochilas-y-morrales","Morral","Unisex","Morral Lapiz Cebra Rayas Verde Agua","MORRAL LAPIZ S/E CEBRA RAYAS VERDE AGUA","8VG","","","","","","","","si"
"morral-lapiz-emohicon","si","mochilas-y-morrales","Morral","Unisex","Morral Lapiz Emohicon","MORRAL LAPIZ EMOHICON","","","","","","","","","si"
"morral-lapiz-ositos","si","mochilas-y-morrales","Morral","Unisex","Morral Lapiz Ositos","MORRAL LAPIZ OSITOS","","","","","","","","","si"
"morral-lapiz-ositos-2","si","mochilas-y-morrales","Morral","Unisex","Morral Lapiz Ositos","MORRAL LAPIZ OSITOS S/E","4SE","","","","","","","","si"
"morral-liry","si","mochilas-y-morrales","Morral","Unisex","Morral Liry","MORRAL LIRY - M","3IA","","","","","","","","si"
"morral-lovely-kactus","si","mochilas-y-morrales","Morral","Unisex","Morral Lovely Kactus","MORRAL LOVELY KACTUS - M","9VN, 9VM","","","","","","","","si"
"morral-lovely-kactus-2","si","mochilas-y-morrales","Morral","Unisex","Morral Lovely Kactus","MORRAL LOVELY KACTUS - L","9VM","","","","","","","","si"
"morral-malecon","si","mochilas-y-morrales","Morral","Unisex","Morral Malecon","MORRAL MALECON","V06","","","Verde","","","","","si"
"morral-marcador","si","mochilas-y-morrales","Morral","Unisex","Morral Marcador","MORRAL MARCADOR","1IV, 1IU, 0LO","","","","","","","","si"
"morral-mecanil","si","mochilas-y-morrales","Morral","Unisex","Morral Mecanil","MORRAL MECANIL","V07, G1N","","","Verde, Gris","","","","","si"
"morral-meow","si","mochilas-y-morrales","Morral","Unisex","Morral Meow","MORRAL MEOW - L","4EW","","","","","","","","si"
"morral-mexacam","si","mochilas-y-morrales","Morral","Unisex","Morral Mexacam -","MORRAL MEXACAM -","N01","","","Negro","","","","","si"
"morral-mirag","si","mochilas-y-morrales","Morral","Unisex","Morral Mirag","MORRAL MIRAG - L","7EO","","","","","morral-rue-bomper-mirage-l-7eo.webp","morral-rue-bomper-mirage-l-7eo.webp","","si"
"morral-mirag-2","si","mochilas-y-morrales","Morral","Unisex","Morral Mirag","MORRAL MIRAG - M","7EO","","","","","","","","si"
"morral-mirage","si","mochilas-y-morrales","Morral","Unisex","Morral Mirage","MORRAL MIRAGE - L","7EO","","","","","","","","si"
"morral-mirage-t-l","si","mochilas-y-morrales","Morral","Unisex","Morral Mirage T/L","MORRAL MIRAGE T/L","","","","","","","","","si"
"morral-mirage-t-m","si","mochilas-y-morrales","Morral","Unisex","Morral Mirage T/M","MORRAL MIRAGE T/M","","","","","","","","","si"
"morral-mit","si","mochilas-y-morrales","Morral","Unisex","Morral Mit","MORRAL MIT","V0R","","","Verde","","","","","si"
"morral-molave","si","mochilas-y-morrales","Morral","Unisex","Morral Molave","MORRAL MOLAVE","Z88, Z6O, T62","","","Azul","","","","","si"
"morral-montero","si","mochilas-y-morrales","Morral","Unisex","Morral Montero","MORRAL MONTERO","V06, GIN, G1N","","","Verde, Gris","","","","","si"
"morral-morra-yiro","si","mochilas-y-morrales","Morral","Unisex","Morral Morra Yiro","MORRAL MORRA YIRO","R15","","","Rojo","","","","","si"
"morral-moto-cross","si","mochilas-y-morrales","Morral","Unisex","Morral Moto Cross","MORRAL MOTO CROSS - L","9L9","","","","","","","","si"
"morral-motto-cross-t-l","si","mochilas-y-morrales","Morral","Unisex","Morral Motto Cross T/L","MORRAL MOTTO CROSS T/L","9L9","","","","","","","","si"
"morral-motto-cross-t-m","si","mochilas-y-morrales","Morral","Unisex","Morral Motto Cross T/M","MORRAL MOTTO CROSS T/M","9L9","","","","","","","","si"
"morral-namer","si","mochilas-y-morrales","Morral","Unisex","Morral Namer","MORRAL NAMER","9VX, 7LF, 7LD, 5SJ, 5SI, 3IJ, 0LB, 0IU","","","","","","","","si"
"morral-namer-cusco","si","mochilas-y-morrales","Morral","Unisex","Morral Namer Cusco","MORRAL NAMER S/E CUSCO","1EN","","","","","","","","si"
"morral-nammer","si","mochilas-y-morrales","Morral","Unisex","Morral Nammer","MORRAL NAMMER","OIU, 9VX, 7LF, 5SI, 3IJ, 0LD, 0LB, 1EN, 7LD","","","Morado","","morral-namer-0lb.webp","morral-namer-0lb.webp, morral-namer-1en.webp, morral-namer-3ij.webp, morral-namer-5si.webp, morral-namer-7ld.webp, morral-namer-7lf.webp","","si"
"morral-nele","si","mochilas-y-morrales","Morral","Unisex","Morral Nele","MORRAL NELE","8VB","","","","","","","","si"
"morral-nintendo","si","mochilas-y-morrales","Morral","Unisex","Morral Nintendo","MORRAL NINTENDO","","","","","","","","","si"
"morral-ometo","si","mochilas-y-morrales","Morral","Unisex","Morral Ometo","MORRAL OMETO","M62","","","Marrón","","","","","si"
"morral-ometto","si","mochilas-y-morrales","Morral","Unisex","Morral Ometto","MORRAL OMETTO","N01, M62, 8LV, 3IK, 3I1, 2O1","","","Morado","","","","","si"
"morral-p-tablet-amasya","si","mochilas-y-morrales","Morral","Unisex","Morral P Tablet Amasya","MORRAL P TABLET AMASYA","Z02","","","Azul","","","","","si"
"morral-p-tablet-t-pc-obertello","si","mochilas-y-morrales","Morral","Unisex","Morral P Tablet T Pc Obertello","MORRAL P TABLET T PC OBERTELLO","V07","","","Verde","","","","","si"
"morral-p-tablet-y-pc-baures","si","mochilas-y-morrales","Morral","Unisex","Morral P Tablet Y Pc Baures","MORRAL P TABLET Y PC BAURES","NZ0, NG0","","","Negro","","","","","si"
"morral-p-tablet-y-pc-cambri","si","mochilas-y-morrales","Morral","Unisex","Morral P Tablet Y Pc Cambri","MORRAL P TABLET Y PC CAMBRI","Z3Y, N01","","","Azul, Negro","","","","","si"
"morral-p-tablet-y-pc-carta","si","mochilas-y-morrales","Morral","Unisex","Morral P Tablet Y Pc Carta","MORRAL P TABLET Y PC CARTA","5LW, 0LE, 7V9, 4SH, 1IV, BMB, 9LJ, 8MA","","","Beige / Arena","","morral-rue-p-tablet-y-pc-carta-1iv.webp","morral-rue-p-tablet-y-pc-carta-1iv.webp, morral-rue-p-tablet-y-pc-carta-4sh.webp, morral-rue-p-tablet-y-pc-carta-7v9.webp, morral-rue-p-tablet-y-pc-carta-8ma.webp","","si"
"morral-p-tablet-y-pc-cartulina","si","mochilas-y-morrales","Morral","Unisex","Morral P Tablet Y Pc Cartulina","MORRAL P TABLET Y PC CARTULINA","7VK, 6LO, 6LI","","","","","","","","si"
"morral-p-tablet-y-pc-cartulina-2","si","mochilas-y-morrales","Morral","Unisex","Morral P Tablet Y Pc Cartulina","MORRAL P TABLET Y PC CARTULINA S/E","6LO","","","","","","","","si"
"morral-p-tablet-y-pc-cerastio","si","mochilas-y-morrales","Morral","Unisex","Morral P Tablet Y Pc Cerastio","MORRAL P TABLET Y PC CERASTIO","Z3K","","","Azul","","","","","si"
"morral-p-tablet-y-pc-deleg","si","mochilas-y-morrales","Morral","Unisex","Morral P Tablet Y Pc Deleg","MORRAL P TABLET Y PC DELEG","T62","","","Terracota / Camello","","","","","si"
"morral-p-tablet-y-pc-dilek","si","mochilas-y-morrales","Morral","Unisex","Morral P Tablet Y Pc Dilek","MORRAL P TABLET Y PC DILEK","G48","","","Gris","","","","","si"
"morral-p-tablet-y-pc-fernandina","si","mochilas-y-morrales","Morral","Unisex","Morral P Tablet Y Pc Fernandina","MORRAL P TABLET Y PC FERNANDINA","V4I, P25, V41","","","Verde, Plomo / Perla","","morral-p-tablet-y-pc-fernandina-p25.webp","morral-p-tablet-y-pc-fernandina-p25.webp, morral-p-tablet-y-pc-fernandina-v41.webp","","si"
"morral-p-tablet-y-pc-goctal","si","mochilas-y-morrales","Morral","Unisex","Morral P Tablet Y Pc Goctal","MORRAL P TABLET Y PC GOCTAL","T55","","","Terracota / Camello","","","","","si"
"morral-p-tablet-y-pc-kioga","si","mochilas-y-morrales","Morral","Unisex","Morral P Tablet Y Pc Kioga","MORRAL P TABLET Y PC KIOGA","G1N","","","Gris","","","","","si"
"morral-p-tablet-y-pc-misisipi","si","mochilas-y-morrales","Morral","Unisex","Morral P Tablet Y Pc Misisipi","MORRAL P TABLET Y PC MISISIPI","Z3Y","","","Azul","","","","","si"
"morral-p-tablet-y-pc-stande","si","mochilas-y-morrales","Morral","Unisex","Morral P Tablet Y Pc Stande","MORRAL P TABLET Y PC STANDE","P75","","","Plomo / Perla","","","","","si"
"morral-p-tablet-y-pc-tribal","si","mochilas-y-morrales","Morral","Unisex","Morral P Tablet Y Pc Tribal","MORRAL P TABLET Y PC TRIBAL","R15","","","Rojo","","","","","si"
"morral-padilla","si","mochilas-y-morrales","Morral","Unisex","Morral Padilla","MORRAL PADILLA","N01","","","Negro","","","","","si"
"morral-padilla-2","si","mochilas-y-morrales","Morral","Unisex","Morral Padilla","MORRAL PADILLA S/E","N01","","","Negro","","","","","si"
"morral-padilla-falladas","si","mochilas-y-morrales","Morral","Unisex","Morral Padilla - Falladas","MORRAL PADILLA - FALLADAS","N01","","","Negro","","","","","si"
"morral-papiz","si","mochilas-y-morrales","Morral","Unisex","Morral Papiz","MORRAL PAPIZ S/E","N01","","","Negro","","","","","si"
"morral-patachly","si","mochilas-y-morrales","Morral","Unisex","Morral Patachly","MORRAL PATACHLY - L","7MZ","","","","","","","","si"
"morral-patchly","si","mochilas-y-morrales","Morral","Unisex","Morral Patchly","MORRAL PATCHLY - L","7MZ","","","","","","","","si"
"morral-patchly-2","si","mochilas-y-morrales","Morral","Unisex","Morral Patchly","MORRAL PATCHLY - S","7MZ","","","","","","","","si"
"morral-pc-araujo","si","mochilas-y-morrales","Morral","Unisex","Morral Pc Araujo","MORRAL PC ARAUJO","NT0, NZ0","","","Negro","","","","","si"
"morral-pc-cartulina","si","mochilas-y-morrales","Morral","Unisex","Morral Pc Cartulina","MORRAL PC CARTULINA","7VK, 6LN, 6LI, 5LW, 4SH, 1OO","","","","","","","","si"
"morral-pc-cerasitio","si","mochilas-y-morrales","Morral","Unisex","Morral Pc Cerasitio","MORRAL PC CERASITIO","Z3K","","","Azul","","","","","si"
"morral-pc-cerastio-diseno","si","mochilas-y-morrales","Morral","Unisex","Morral Pc Cerastio Diseno","MORRAL PC CERASTIO DISENO","7EO","","","","","","","","si"
"morral-pc-complement","si","mochilas-y-morrales","Morral","Unisex","Morral Pc Complement","MORRAL PC COMPLEMENT","Z32","","","Azul","","","","","si"
"morral-pc-crimmler","si","mochilas-y-morrales","Morral","Unisex","Morral Pc Crimmler","MORRAL PC CRIMMLER","9TG","","","","","","","","si"
"morral-pc-deleg","si","mochilas-y-morrales","Morral","Unisex","Morral Pc Deleg","MORRAL PC DELEG","T62, G68","","","Terracota / Camello, Gris","","morral-p-tablet-y-pc-deleg-t62.webp","morral-p-tablet-y-pc-deleg-t62.webp","","si"
"morral-pc-goctal","si","mochilas-y-morrales","Morral","Unisex","Morral Pc Goctal","MORRAL PC GOCTAL","Z6O, V06, T55, 7LW","","","Azul, Verde, Terracota / Camello","","","","","si"
"morral-pc-kimex-peru","si","mochilas-y-morrales","Morral","Unisex","Morral Pc Kimex Peru","MORRAL PC KIMEX PERU","RB0","","","Rojo","","","","","si"
"morral-pc-koelra","si","mochilas-y-morrales","Morral","Unisex","Morral Pc Koelra","MORRAL PC KOELRA","N01","","","Negro","","","","","si"
"morral-pc-krimmler","si","mochilas-y-morrales","Morral","Unisex","Morral Pc Krimmler","MORRAL PC KRIMMLER","8M2","","","","","","","","si"
"morral-pc-kripton","si","mochilas-y-morrales","Morral","Unisex","Morral Pc Kripton","MORRAL PC KRIPTON","NZT, NNG","","","Negro","","","","","si"
"morral-pc-orbetello","si","mochilas-y-morrales","Morral","Unisex","Morral Pc Orbetello","MORRAL PC ORBETELLO","V07","","","Verde","","","","","si"
"morral-pc-peniche","si","mochilas-y-morrales","Morral","Unisex","Morral Pc Peniche","MORRAL PC PENICHE","N01, GIN","","","Negro, Gris","","","","","si"
"morral-pc-pictor","si","mochilas-y-morrales","Morral","Unisex","Morral Pc Pictor","MORRAL PC PICTOR","NT0, N01","","","Negro","","","","","si"
"morral-pc-tablet-baures","si","mochilas-y-morrales","Morral","Unisex","Morral Pc Tablet Baures","MORRAL PC TABLET BAURES","NZ0, NG0","","","Negro","","morral-p-tablet-y-pc-baures-nz0.webp","morral-p-tablet-y-pc-baures-nz0.webp","","si"
"morral-pc-tablet-y-pc-koka","si","mochilas-y-morrales","Morral","Unisex","Morral Pc Tablet Y Pc Koka","MORRAL PC TABLET Y PC KOKA","N01","","","Negro","","","","","si"
"morral-pc-tribal","si","mochilas-y-morrales","Morral","Unisex","Morral Pc Tribal","MORRAL PC TRIBAL","RI5","","","Rojo","","","","","si"
"morral-peatonal-lapiz","si","mochilas-y-morrales","Morral","Unisex","Morral Peatonal Lapiz","MORRAL PEATONAL LAPIZ","0F0","","","","","","","","si"
"morral-pencil","si","mochilas-y-morrales","Morral","Unisex","Morral Pencil","MORRAL PENCIL","4RY, 0LI","","","","","","","","si"
"morral-pictor","si","mochilas-y-morrales","Morral","Unisex","Morral Pictor","MORRAL PICTOR","NT0, N01","","","Negro","","","","","si"
"morral-pictor-pc","si","mochilas-y-morrales","Morral","Unisex","Morral Pictor - Pc","MORRAL PICTOR - PC S/E","NT0","","","Negro","","","","","si"
"morral-pimex-peru","si","mochilas-y-morrales","Morral","Unisex","Morral Pimex Peru","MORRAL PIMEX PERU","RI0","","","Rojo","","","","","si"
"morral-porta-tablet-tanzan","si","mochilas-y-morrales","Morral","Unisex","Morral Porta Tablet Tanzan","MORRAL PORTA TABLET TANZAN","","","","","","","","","si"
"morral-prinston","si","mochilas-y-morrales","Morral","Unisex","Morral Prinston","MORRAL PRINSTON","Z3Y, P75","","","Azul","","","","","si"
"morral-procion","si","mochilas-y-morrales","Morral","Unisex","Morral Procion","MORRAL PROCION","Z32","","","Azul","","","","","si"
"morral-rayo-mostrito","si","mochilas-y-morrales","Morral","Unisex","Morral Rayo Mostrito","MORRAL RAYO MOSTRITO","","","","","","","","","si"
"morral-rayol","si","mochilas-y-morrales","Morral","Unisex","Morral Rayol","MORRAL RAYOL","Z04, N01, M2F, 9VB, 9TJ, 9LJ, 9G8, 9G7, 8MA, 8LU, 8LC, 8L3, 8L2, 8GO, 8G2, 8G0, 8EU, 8EO, 7ML, 7LG, 7L6, 6LX, 6LV, 6LN, 6LI, 5SR, 5SO, 5RB, 5R9, 5LQ, 5LP, 5L9, 5L8, 5L2, 5L0, 5EZ, 4SJ, 4SH, 4RZ, 4OX, 4I5, 4I4, 3LQ, 3IW, 3IS, 3IR, 3IP, 2O4, 2IR, 2IQ, 1OX, 1IV, 1IU, 1ID, 1I4, 0LT, 0LH, 0LE, 0LD, 0L4, 0FT, 0F1, 0F0, 0DJ, 0D6, 8GN, 0LC","","","Azul, Negro, Marrón","","","","","si"
"morral-rayol-2","si","mochilas-y-morrales","Morral","Unisex","Morral Rayol","MORRAL RAYOL S/E","0DJ","","","","","","","","si"
"morral-rayol-acuarela","si","mochilas-y-morrales","Morral","Unisex","Morral Rayol / Acuarela","MORRAL RAYOL / ACUARELA","0LC","","","","","","","","si"
"morral-rayol-pelota","si","mochilas-y-morrales","Morral","Unisex","Morral Rayol Pelota","MORRAL RAYOL PELOTA","","","","Rojo","","","","","si"
"morral-rayos-negro-con","si","mochilas-y-morrales","Morral","Unisex","Morral Rayos Negro Con","MORRAL RAYOS NEGRO CON","","","","Celeste","","","","","si"
"morral-reflexty","si","mochilas-y-morrales","Morral","Unisex","Morral Reflexty","MORRAL REFLEXTY","G1N","","","Gris","","","","","si"
"morral-renglones","si","mochilas-y-morrales","Morral","Unisex","Morral Renglones","MORRAL RENGLONES","0LE, 2IQ","","","","","","","","si"
"morral-ribbon","si","mochilas-y-morrales","Morral","Unisex","Morral Ribbon","MORRAL RIBBON","Z3K, Z2K, T55, N01","","","Azul, Terracota / Camello, Negro","","","","","si"
"morral-robore","si","mochilas-y-morrales","Morral","Unisex","Morral Robore","MORRAL ROBORE","Z5L, N01","","","Azul, Negro","","","","","si"
"morral-robore-2","si","mochilas-y-morrales","Morral","Unisex","Morral Robore","MORRAL ROBORE S/E","N01","","","Negro","","","","","si"
"morral-roburai","si","mochilas-y-morrales","Morral","Unisex","Morral Roburai","MORRAL ROBURAI - S","G18","","","Gris","","","","","si"
"morral-roburai-2","si","mochilas-y-morrales","Morral","Unisex","Morral Roburai","MORRAL ROBURAI - M","G18","","","Gris","","","","","si"
"morral-roburai-t-m","si","mochilas-y-morrales","Morral","Unisex","Morral Roburai T/M","MORRAL ROBURAI T/M","G18","","","Gris","","","","","si"
"morral-ruburai-t-s","si","mochilas-y-morrales","Morral","Unisex","Morral Ruburai T/S","MORRAL RUBURAI T/S","G18","","","Gris","","","","","si"
"morral-rucks","si","mochilas-y-morrales","Morral","Unisex","Morral Rucks","MORRAL RUCKS","Z32","","","Azul","","","","","si"
"morral-rue-bomper","si","mochilas-y-morrales","Morral","Unisex","Morral Rue Bomper","MORRAL RUE BOMPER","Z31, M8G, Z3I","","","Azul, Marrón","","","","","si"
"morral-rue-bomper-brina","si","mochilas-y-morrales","Morral","Unisex","Morral Rue Bomper Brina","MORRAL RUE BOMPER BRINA - M","1OY","","","","","","","","si"
"morral-rue-bomper-brinal","si","mochilas-y-morrales","Morral","Unisex","Morral Rue Bomper Brinal","MORRAL RUE BOMPER BRINAL - M","1OY","","","","","","","","si"
"morral-rue-bomper-car","si","mochilas-y-morrales","Morral","Unisex","Morral Rue Bomper Car","MORRAL RUE BOMPER CAR","","","","Azul","","","","","si"
"morral-rue-bomper-ciela","si","mochilas-y-morrales","Morral","Unisex","Morral Rue Bomper Ciela","MORRAL RUE BOMPER CIELA","8VI","","","","","","","","si"
"morral-rue-bomper-renglon","si","mochilas-y-morrales","Morral","Unisex","Morral Rue Bomper Renglon","MORRAL RUE BOMPER RENGLON","5LO, 7MJ, 1OX, 8UN, 7V9, M2F, 0LC, 0LD, 6LU, 1ID, 4SJ, 1IV, 1IF, 5L9, 6LS, 5S6, 7VA, 6LO, 0LI, 9VB, 6LV, 7MK, 5L2, 1ITF, 2I4, 2IR, 2SA, 3LQ, 5L0, 6LQ, 6LX, 7E4, 4SE","","","Marrón","","morral-rue-bomper-renglon-1itf.webp","morral-rue-bomper-renglon-1itf.webp, morral-rue-bomper-renglon-1iv.webp, morral-rue-bomper-renglon-1ox.webp, morral-rue-bomper-renglon-2i4.webp, morral-rue-bomper-renglon-2ir.webp, morral-rue-bomper-renglon-2sa.webp, morral-rue-bomper-renglon-3lq.webp, morral-rue-bomper-renglon-4sj.webp, morral-rue-bomper-renglon-5l0.webp, morral-rue-bomper-renglon-5s6.webp, morral-rue-bomper-renglon-6lo.webp, morral-rue-bomper-renglon-6lq.webp, morral-rue-bomper-renglon-6lv.webp, morral-rue-bomper-renglon-6lx.webp, morral-rue-bomper-renglon-7e4.webp, morral-rue-bomper-renglon-7mj.webp, morral-rue-bomper-renglon-7mk.webp, morral-rue-bomper-renglon-9vb.webp, morralrue-bomper-renglon-4se.webp","","si"
"morral-rue-bomper-renglon-varal","si","mochilas-y-morrales","Morral","Unisex","Morral Rue Bomper Renglon - Varal","MORRAL RUE BOMPER RENGLON - VARAL","4SH","","","","","","","","si"
"morral-rue-bomper-renglones","si","mochilas-y-morrales","Morral","Unisex","Morral Rue Bomper Renglones","MORRAL RUE BOMPER RENGLONES","5LW","","","","","","","","si"
"morral-rue-bomper-street","si","mochilas-y-morrales","Morral","Unisex","Morral Rue Bomper Street","MORRAL RUE BOMPER STREET - M","4SA","","","","","","","","si"
"morral-rue-bomper-super-soccer","si","mochilas-y-morrales","Morral","Unisex","Morral Rue Bomper Super Soccer","MORRAL RUE BOMPER SUPER SOCCER - M","9LF","","","","","","","","si"
"morral-rue-bomper-yel","si","mochilas-y-morrales","Morral","Unisex","Morral Rue Bomper Yel","MORRAL RUE BOMPER YEL","Z3Y, M86, Z11","","","Azul, Marrón","","","","","si"
"morral-rue-boroz","si","mochilas-y-morrales","Morral","Unisex","Morral Rue Boroz","MORRAL RUE BOROZ","NNG","","","Negro","","","","","si"
"morral-rue-brina-7704875897521","si","mochilas-y-morrales","Morral","Unisex","Morral Rue Brina : 7704875897521","MORRAL RUE BRINA : 7704875897521","8M1","","","","","","","","si"
"morral-rue-carta","si","mochilas-y-morrales","Morral","Unisex","Morral Rue Carta","MORRAL RUE CARTA","0LH","","","","","","","","si"
"morral-rue-condoritot","si","mochilas-y-morrales","Morral","Unisex","Morral Rue Condoritot","MORRAL RUE CONDORITOT","5EN","","","","","","","","si"
"morral-rue-kato","si","mochilas-y-morrales","Morral","Unisex","Morral Rue Kato","MORRAL RUE KATO","8M1","","","","","","","","si"
"morral-rue-regla","si","mochilas-y-morrales","Morral","Unisex","Morral Rue Regla","MORRAL RUE REGLA","3LR, 7GF, 7VI, 7VJ","","","","","","","","si"
"morral-rue-renglon","si","mochilas-y-morrales","Morral","Unisex","Morral Rue Renglon","MORRAL RUE RENGLON","8GT, 5LQ, N01, 4RY, 8G2, 3SD, 2SA, 6LQ, 8MA, 9LJ, 4SJ, M2F, 3SA","","","Negro, Marrón","","","","","si"
"morral-rue-renglon-flores-varios-colo","si","mochilas-y-morrales","Morral","Unisex","Morral Rue Renglon Flores Varios Colo","MORRAL RUE RENGLON FLORES VARIOS COLO","","","","","","","","","si"
"morral-rue-tablet-y-pc-carta","si","mochilas-y-morrales","Morral","Unisex","Morral Rue Tablet Y Pc Carta","MORRAL RUE TABLET Y PC CARTA","7V9, 4SJ, 8MA, 5LW, 4SH","","","","","","","","si"
"morral-rue-tablet-y-pc-carta-verde-con","si","mochilas-y-morrales","Morral","Unisex","Morral Rue Tablet Y Pc Carta Verde Con","MORRAL RUE TABLET Y PC CARTA VERDE CON","","","","Azul","","","","","si"
"morral-rue-varal","si","mochilas-y-morrales","Morral","Unisex","Morral Rue Varal","MORRAL RUE VARAL","4RZ, 4RY, 0LI, 9LJ, 5LW, 8GM, 8GN, N01, 8GT, 0LC, 4HS, 4SH, 8G, 9L3","","","Negro","M","morral-rue-varal-0li.webp","morral-rue-varal-0li.webp, morral-rue-varal-4ry.webp, morral-rue-varal-4rz.webp, morral-rue-varal-4sh.webp, morral-rue-varal-5lw.webp, morral-rue-varal-8gm.webp, morral-rue-varal-8gn.webp, morral-rue-varal-8gt.webp, morral-rue-varal-9l3.webp","","si"
"morral-rue-yel","si","mochilas-y-morrales","Morral","Unisex","Morral Rue Yel","MORRAL RUE YEL","N01","","","Negro","","","","","si"
"morral-salonica","si","mochilas-y-morrales","Morral","Unisex","Morral Salonica","MORRAL SALONICA","Z6O, T0N","","","Azul, Terracota / Camello","","morral-salonica-t0n.webp","morral-salonica-t0n.webp, morral-salonica-z6o.webp","","si"
"morral-santay","si","mochilas-y-morrales","Morral","Unisex","Morral Santay","MORRAL SANTAY","Z5L, G68","","","Azul, Gris","","","","","si"
"morral-servus","si","mochilas-y-morrales","Morral","Unisex","Morral Servus","MORRAL SERVUS","Z32","","","Azul","","","","","si"
"morral-slam","si","mochilas-y-morrales","Morral","Unisex","Morral Slam","MORRAL SLAM","","","","Verde","","","","","si"
"morral-sokiru","si","mochilas-y-morrales","Morral","Unisex","Morral Sokiru","MORRAL SOKIRU","8MI, 4RX","","","","","","","","si"
"morral-sokiru-diseno-btm","si","mochilas-y-morrales","Morral","Unisex","Morral Sokiru Diseno Btm","MORRAL SOKIRU DISENO BTM","4RX","","","","","","","","si"
"morral-space","si","mochilas-y-morrales","Morral","Unisex","Morral Space","MORRAL SPACE","","","","Negro, Acero, Vino","","","","","si"
"morral-stop","si","mochilas-y-morrales","Morral","Unisex","Morral Stop","MORRAL STOP","","","","Azul","","","","","si"
"morral-stop-azulino","si","mochilas-y-morrales","Morral","Unisex","Morral Stop Azulino","MORRAL STOP AZULINO","","","","","","","","","si"
"morral-street","si","mochilas-y-morrales","Morral","Unisex","Morral Street","MORRAL STREET - M","4SA","","","","","","","","si"
"morral-street-2","si","mochilas-y-morrales","Morral","Unisex","Morral Street","MORRAL STREET - L","4SA","","","","","","","","si"
"morral-street-t-l","si","mochilas-y-morrales","Morral","Unisex","Morral Street T/L","MORRAL STREET T/L","4SA","","","","","","","","si"
"morral-street-t-m","si","mochilas-y-morrales","Morral","Unisex","Morral Street T/M","MORRAL STREET T/M","4SA","","","","","","","","si"
"morral-super-soccer","si","mochilas-y-morrales","Morral","Unisex","Morral Super Soccer","MORRAL SUPER SOCCER - S","9LF","","","","","","","","si"
"morral-super-soccer-2","si","mochilas-y-morrales","Morral","Unisex","Morral Super Soccer","MORRAL SUPER SOCCER - M","9LF","","","","","","","","si"
"morral-super-soccer-3","si","mochilas-y-morrales","Morral","Unisex","Morral Super Soccer","MORRAL SUPER SOCCER","9LF","","","","","","","","si"
"morral-super-soccer-t-m","si","mochilas-y-morrales","Morral","Unisex","Morral Super Soccer T/M","MORRAL SUPER SOCCER T/M","9LF","","","","","","","","si"
"morral-super-soccer-t-s","si","mochilas-y-morrales","Morral","Unisex","Morral Super Soccer T/S","MORRAL SUPER SOCCER T/S","9LF","","","","","morral-rue-bomper-super-soccer-m-9lf.webp","morral-rue-bomper-super-soccer-m-9lf.webp, morral-super-soccer-m-9lf-a.webp, morral-super-soccer-m-9lf.webp","","si"
"morral-surekin","si","mochilas-y-morrales","Morral","Unisex","Morral Surekin","MORRAL SUREKIN","NZM","","","Negro","","","","","si"
"morral-tablet-y-pc-cartulina","si","mochilas-y-morrales","Morral","Unisex","Morral Tablet Y Pc Cartulina","MORRAL TABLET Y PC CARTULINA","5LW, 5LR, 5EZ","","","","","","","","si"
"morral-talim","si","mochilas-y-morrales","Morral","Unisex","Morral Talim","MORRAL TALIM","M2F","","","Marrón","","","","","si"
"morral-talim-dorado","si","mochilas-y-morrales","Morral","Unisex","Morral Talim Dorado","MORRAL TALIM DORADO","","","","","","","","","si"
"morral-tamulo","si","mochilas-y-morrales","Morral","Unisex","Morral Tamulo","MORRAL TAMULO","Z24","","","Azul","","","","","si"
"morral-tempera","si","mochilas-y-morrales","Morral","Unisex","Morral Tempera","MORRAL TEMPERA","Z04, N01, 8IR","","","Azul, Negro","","","","","si"
"morral-teruel","si","mochilas-y-morrales","Morral","Unisex","Morral Teruel","MORRAL TERUEL","V06","","","Verde","","morral-teruel-v06.webp","morral-teruel-v06.webp","","si"
"morral-tijeras","si","mochilas-y-morrales","Morral","Unisex","Morral Tijeras","MORRAL TIJERAS","7VK, 7VI, 7VB, 7GG, 5RL, 5LV, 5L2, 4LZ, 4L8, 4L7, 4EA, 3LQ, 2SA, 1OO, 1IF, 1ID","","","","","","","","si"
"morral-tocax","si","mochilas-y-morrales","Morral","Unisex","Morral Tocax","MORRAL TOCAX","Z73, Z11, T3E, R73, O52, M62, G68, 9VY, 9VF, 9UY, 9TF, 9T4, 9LW, 8GS, 7LO, 7LK, 7L0, 7EV, 5SN, 5SL, 5S4, 5S3, 5LF, 5LE, 4SY, 4SX, 3IN, 3IM, 1II","","","Azul, Terracota / Camello, Rojo, Marrón, Gris","","","","","si"
"morral-tocax-morrada","si","mochilas-y-morrales","Morral","Unisex","Morral Tocax Morrada","MORRAL TOCAX MORRADA","","","","","","","","","si"
"morral-toquito","si","mochilas-y-morrales","Morral","Unisex","Morral Toquito","MORRAL TOQUITO","Z73, Z5X, Z11, T72, T3E, R72, O52, G68, 9V4, 9TF, 7EV, 7EF, 3IM","","","Azul, Terracota / Camello, Rojo, Gris","","","","","si"
"morral-totto-cusco","si","mochilas-y-morrales","Morral","Unisex","Morral Totto - Cusco","MORRAL TOTTO - CUSCO","","","","","","","","","si"
"morral-tuning-car-t-l","si","mochilas-y-morrales","Morral","Unisex","Morral Tuning Car T/L","MORRAL TUNING CAR T/L","9LC","","","","","","","","si"
"morral-tuning-car-t-m","si","mochilas-y-morrales","Morral","Unisex","Morral Tuning Car T/M","MORRAL TUNING CAR T/M","9LC","","","","","","","","si"
"morral-tups","si","mochilas-y-morrales","Morral","Unisex","Morral Tups","MORRAL TUPS","V06, N01","","","Verde, Negro","","","","","si"
"morral-turco","si","mochilas-y-morrales","Morral","Unisex","Morral Turco","MORRAL TURCO","Z76, V06","","","Azul, Verde","","","","","si"
"morral-turco-azul-claro","si","mochilas-y-morrales","Morral","Unisex","Morral Turco Azul Claro","MORRAL TURCO AZUL CLARO","","","","","","","","","si"
"morral-uluru","si","mochilas-y-morrales","Morral","Unisex","Morral Uluru","MORRAL ULURU","N01, B36","","","Negro, Beige / Arena","","","","","si"
"morral-universitario-lapicero","si","mochilas-y-morrales","Morral","Unisex","Morral Universitario Lapicero","MORRAL UNIVERSITARIO LAPICERO","4L8","","","","","","","","si"
"morral-urdaneta","si","mochilas-y-morrales","Morral","Unisex","Morral Urdaneta","MORRAL URDANETA","ZMO, ZM0, PZ0","","","Morado","","","","","si"
"morral-urdaneta-2","si","mochilas-y-morrales","Morral","Unisex","Morral Urdaneta","MORRAL URDANETA - ZM0","PZ0","","","Plomo / Perla","","","","","si"
"morral-varal-falta-apun","si","mochilas-y-morrales","Morral","Unisex","Morral Varal Falta Apun","MORRAL VARAL FALTA APUN","","","","","","","","","si"
"morral-vetus","si","mochilas-y-morrales","Morral","Unisex","Morral Vetus","MORRAL VETUS","VT0","","","Verde","","","","","si"
"morral-virgil","si","mochilas-y-morrales","Morral","Unisex","Morral Virgil","MORRAL VIRGIL","7T5, 5L3","","","","","","","","si"
"morral-weekly","si","mochilas-y-morrales","Morral","Unisex","Morral Weekly","MORRAL WEEKLY","M2F","","","Marrón","","morral-weekly-m2f.webp","morral-weekly-m2f.webp","","si"
"morral-yerem","si","mochilas-y-morrales","Morral","Unisex","Morral Yerem","MORRAL YEREM","N01, 9VO, 9TD, 5LS","","","Negro","","","","","si"
"morrral-montero","si","mochilas-y-morrales","Morral","Unisex","Morrral Montero","MORRRAL MONTERO","G1N","","","Gris","","","","","si"
"p-tablet-y-pc-y-cambri","si","mochilas-y-morrales","Morral","Unisex","P Tablet Y Pc Y Cambri","P TABLET Y PC Y CAMBRI","Z04","","","Azul","","","","","si"
"pencel-pencil","si","mochilas-y-morrales","Morral","Unisex","Pencel Pencil","PENCEL PENCIL","4RY","","","","","","","","si"
"rorral-reflecty","si","mochilas-y-morrales","Morral","Unisex","Rorral Reflecty","RORRAL REFLECTY","G1N","","","Gris","","","","","si"
"shopping-chatalli","si","mochilas-y-morrales","Morral","Unisex","Shopping Chatalli","SHOPPING CHATALLI","7LD, 3I9, 2SH","","","","","","","","si"
"universitario-p-tablet-y-pc-dinamo","si","mochilas-y-morrales","Morral","Unisex","Universitario P Tablet Y Pc Dinamo","UNIVERSITARIO P TABLET Y PC DINAMO","N01","","","Negro","","","","","si"
"bomper-ciela","si","mochilas-y-morrales","Morral con ruedas","Unisex","Bomper Ciela","BOMPER CIELA","8BF","","","","","","","","si"
"bomper-p-tablet-y-pc-cudriculad","si","mochilas-y-morrales","Morral con ruedas","Unisex","Bomper P Tablet Y Pc Cudriculad","BOMPER P TABLET Y PC CUDRICULAD","3SC","","","","","","","","si"
"moraral-rue-varal","si","mochilas-y-morrales","Morral con ruedas","Unisex","Moraral Rue Varal","MORARAL RUE VARAL","9LJ, 5LW","","","","","","","","si"
"rue-varal-se-perdio-la-etiqueta","si","mochilas-y-morrales","Morral con ruedas","Unisex","Rue Varal - Se Perdio La Etiqueta","RUE VARAL - SE PERDIO LA ETIQUETA","","","","","","","","","si"
"rue-vomper-renglon","si","mochilas-y-morrales","Morral con ruedas","Unisex","Rue Vomper Renglon","RUE VOMPER RENGLON","4RZ","","","","","","","","si"
"tablet-pc-carta-0ld","si","mochilas-y-morrales","Morral con ruedas","Unisex","Tablet Pc Carta 0ld","TABLET PC CARTA 0LD","0LD","","","","","","","","si"