"codigo","color_por_confirmar","color_final","referencias"
"0D6","","","LONCHERAS::BORRADOR | MOCHILAS::MORRAL RAYOL | MOCHILAS::MORRAL LAPIZ | MOCHILAS::MORRAL ACUARELA | CARTUCHERAS Y LONCHERAS::PIZARRA"
"0DJ","","","LONCHERAS::BORRADOR | LONCHERAS::PIZARRA | MOCHILAS::MORRAL ACUARELA | MOCHILAS::MORRAL RAYOL | MOCHILAS::MORRAL RAYOL S E | CARTUCHERAS Y LONCHERAS::SOBRE | CARTUCHERAS Y LONCHERAS::AGAPEC | CARTUCHERAS Y LONCHERAS::PIZARRA"
"0F0","","","LONCHERAS::BORRADOR | LONCHERAS::PIZARRA | MOCHILAS::MORRAL RAYOL | MOCHILAS::MORRAL LAPIZ | MOCHILAS::MORRAL ACUARELA | MOCHILAS::MORRAL PEATONAL LAPIZ | CARTUCHERAS Y LONCHERAS::PIZARRA | CARTUCHERAS Y LONCHERAS::SOBRE"
"0F1","","","MOCHILAS::MORRAL ACUARELA | MOCHILAS::MORRAL RAYOL"
"0FT","","","LONCHERAS::BORRADOR | LONCHERAS::PIZARRA | MOCHILAS::MORRAL ACUARELA | MOCHILAS::MORRAL RAYOL | CARTUCHERAS Y LONCHERAS::AGAPEC | CARTUCHERAS Y LONCHERAS::ESCUADRA"
"0IJ","","","CARTUCHERAS Y LONCHERAS::PIZARRA"
"0IU","","","MOCHILAS::MORRAL NAMER | CARTUCHERAS Y LONCHERAS::KIRIBY"
"0L4","","","MOCHILAS::MORRAL RAYOL"
"0L5","","","MOCHILAS::MORRAL ACUARELA"
"0LB","","","MOCHILAS::MORRAL NAMER | MOCHILAS::MORRAL NAMMER | CARTUCHERAS Y LONCHERAS::KRETONA | CARTUCHERAS Y LONCHERAS::MULTIUSO KRETONA | MULTIUSOS::ESHITA | MULTIUSOS::BLITANY"
"0LC","","","LONCHERAS::RESALTADOR | MOCHILAS::MORRAL RAYOL ACUARELA | MOCHILAS::MORRAL GOMMAS | MOCHILAS::MORRAL RAYOL | CARTUCHERAS Y LONCHERAS::SOBRE | CARTUCHERAS Y LONCHERAS::PORTAMINAS | CARTUCHERAS Y LONCHERAS::PIZARRA | MOCHILA  - RUEDAS::MORRAL RUE VARAL"
"0LD","","","LONCHERAS::BORRADOR | LONCHERAS::PIZARRA | MOCHILAS::MORRAL ACUARELA | MOCHILAS::MORRAL RAYOL | MOCHILAS::MORRAL NAMMER | MOCHILAS::MORRAL GOMMAS | CARTUCHERAS Y LONCHERAS::SOBRE | CARTUCHERAS Y LONCHERAS::PIZARRA"
"0LE","","","MOCHILAS::MORRAL RAYOL | CARTUCHERAS Y LONCHERAS::SOBRE | CARTUCHERAS Y LONCHERAS::PORTAMINAS | MOCHILA  - RUEDAS::MORRAL RENGLONES | MOCHILA  - RUEDAS::MORRAL P TABLET Y PC CARTA"
"0LH","","","LONCHERAS::BORRADOR | MOCHILAS::MORRAL ACUARELA | MOCHILAS::MORRAL RAYOL | MOCHILAS::MORRAL GOMMAS | MOCHILAS::MORRAL LAPIZ | CARTUCHERAS Y LONCHERAS::ESCUADRA | MALETAS::MALETA PEGASES | MOCHILA  - RUEDAS::MORRAL RUE CARTA"
"0LI","","","MOCHILAS::MORRAL PENCIL | MOCHILAS::MORRAL ACUARELA | MOCHILAS::MORRAL GOMMAS | CARTUCHERAS Y LONCHERAS::PORTAMINAS | MOCHILA  - RUEDAS::MORRAL RUE VARAL | MOCHILA  - RUEDAS::MORRAL RUE BOMPER RENGLON"
"0LJ","","","LONCHERAS::BORRADOR"
"0LO","","","MOCHILAS::MORRAL MARCADOR"
"0LT","","","MOCHILAS::MORRAL ACUARELA | MOCHILAS::MORRAL RAYOL | CARTUCHERAS Y LONCHERAS::ESCUADRA"
"0SM","","","LONCHERAS::PIZARRA"
"1EN","","","MOCHILAS::MORRAL NAMER S E CUSCO | CARTUCHERAS Y LONCHERAS::KIRIBY"
"1EU","","","CARTUCHERAS Y LONCHERAS::SOBRE"
"1FF","","","LONCHERAS::PIZARRA"
"1FG","","","MULTIUSOS::S E VIAJERO"
"1I4","","","MOCHILAS::MORRAL RAYOL"
"1ID","","","LONCHERAS::BORRADOR | LONCHERAS::RESALTADOR | LONCHERAS::NOTEBOOK | MOCHILAS::MORRAL TIJERAS | MOCHILAS::MORRAL RAYOL | CARTUCHERAS Y LONCHERAS::AGAPEC | CARTUCHERAS Y LONCHERAS::RESALTADO | CARTUCHERAS Y LONCHERAS::NOTEBOOK"
"1IE","","","LONCHERAS::PIZARRA | CARTUCHERAS Y LONCHERAS::ESCUADRA | CARTUCHERAS Y LONCHERAS::PIZARRA"
"1IF","","","MOCHILAS::MORRAL ACUARELA | MOCHILAS::MORRAL TIJERAS | MOCHILAS::MORRAL LAPICERO | CARTUCHERAS Y LONCHERAS::ESCUADRA | MOCHILA  - RUEDAS::MORRAL RUE BOMPER RENGLON"
"1II","","","MOCHILAS::MORRAL TOCAX"
"1IK","","","CARTUCHERAS Y LONCHERAS::LAUS"
"1IU","","","MOCHILAS::MORRAL ACUARELA | MOCHILAS::MORRAL RAYOL | MOCHILAS::MORRAL MARCADOR | CARTUCHERAS Y LONCHERAS::SOBRE | CARTUCHERAS Y LONCHERAS::PORTAMINAS | MOCHILA  - RUEDAS::MORRAL BOMPER RENGLONES | MOCHILA  - RUEDAS::MORRAL BOMPER RENGLON"
"1IV","","","LONCHERAS::PIZARRA | MOCHILAS::MORRAL ACUARELA | MOCHILAS::MORRAL RAYOL | MOCHILAS::MORRAL MARCADOR | MOCHILAS::MORRAL GOMMAS | CARTUCHERAS Y LONCHERAS::SOBRE | CARTUCHERAS Y LONCHERAS::AGAPEC | CARTUCHERAS Y LONCHERAS::TAJALAPIZ"
"1LV","","","LONCHERAS::PIZARRA"
"1N7","","","MULTIUSOS::PORTA DISCO"
"1O0","","","MOCHILAS::MORRAL LAPICERO"
"1O3","","","MULTIUSOS::TURINA"
"1OD","","","MOCHILAS::MORRAL CAPRINJ CAMBIO"
"1OO","","","LONCHERAS::BORRADOR | MOCHILAS::MORRAL LAPIZ | MOCHILAS::MORRAL PC CARTULINA | MOCHILAS::MORRAL TIJERAS | MOCHILAS::MORRAL ACURELA"
"1OR","","","LONCHERAS::PIZARRA | LONCHERAS::NOTEBOOK | MOCHILAS::MORRAL ACUARELA"
"1OX","","","LONCHERAS::BORRADOR | LONCHERAS::PIZARRA | LONCHERAS::RESALTADOR | MOCHILAS::MORRAL ACUARELA | MOCHILAS::MORRAL RAYOL | MOCHILAS::MORRAL LAPIZ | CARTUCHERAS Y LONCHERAS::SOBRE | CARTUCHERAS Y LONCHERAS::AGAPEC"
"1OY","","","LONCHERAS::BORRADOR | LONCHERAS::BRINA | MOCHILAS::MORRAL BRINA M | MOCHILAS::MORRAL BRINA L | CARTUCHERAS Y LONCHERAS::BRINA | MOCHILA  - RUEDAS::MORRAL RUE BOMPER BRINAL M | MOCHILA  - RUEDAS::MORRAL RUE BOMPER BRINA M"
"2I1","","","LONCHERAS::KOKESHI"
"2I4","","","LONCHERAS::BORRADOR | MOCHILAS::MORRAL LAPIZ | MOCHILA  - RUEDAS::MORRAL BOMPER RENGLON"
"2I7","","","LONCHERAS::BORRADOR | CARTUCHERAS Y LONCHERAS::PORTAMINAS | CARTUCHERAS Y LONCHERAS::RESALTADO"
"2IP","","","MOCHILAS::MORRAL LAPIZ"
"2IQ","","","MOCHILAS::MORRAL ACUARELA | MOCHILAS::MORRAL RAYOL | MOCHILAS::MORRAL GOMMAS | CARTUCHERAS Y LONCHERAS::ESCUADRA | CARTUCHERAS Y LONCHERAS::PORTAMINAS | CARTUCHERAS Y LONCHERAS::TAJALAPIZ | MOCHILA  - RUEDAS::MORRAL BOMPER RESMA A4 | MOCHILA  - RUEDAS::MORRAL RENGLONES"
"2IR","","","LONCHERAS::BORRADOR | LONCHERAS::RESALTADOR | MOCHILAS::MORRAL RAYOL | MOCHILAS::MORRAL LAPIZ | MOCHILAS::MORRAL ACUARELA | CARTUCHERAS Y LONCHERAS::SOBRE | CARTUCHERAS Y LONCHERAS::TAJALAPIZ | CARTUCHERAS Y LONCHERAS::PIZARRA"
"2O0","","","CARTUCHERAS Y LONCHERAS::LAUS"
"2O1","","","MOCHILAS::MORRAL OMETTO | CARTUCHERAS Y LONCHERAS::GALVITTO"
"2O4","","","LONCHERAS::BORRADOR | LONCHERAS::PIZARRA | MOCHILAS::MORRAL ACUARELA | MOCHILAS::MORRAL RAYOL | CARTUCHERAS Y LONCHERAS::SOBRE | CARTUCHERAS Y LONCHERAS::PIZARRA"
"2SA","","","LONCHERAS::RESALTADOR | MOCHILAS::MORRAL TIJERAS | CARTUCHERAS Y LONCHERAS::PIZARRA | MOCHILA  - RUEDAS::MORRAL RUE RENGLON"
"2SH","","","MULTIUSOS::SHOPPING CHATALLI"
"2Z2","","","MOCHILAS::MORRAL CIELO"
"31S","","","CARTUCHERAS Y LONCHERAS::SOBRE"
"3E7","","","MOCHILAS::MORRAL GOMMAS"
"3I1","","","MOCHILAS::MORRAL OMETTO | MOCHILAS::MORRAL GAMATTO"
"3I9","","","MOCHILAS::MORRAL ACALA M | MOCHILAS::SHOPPING CHATALLI | CARTUCHERAS Y LONCHERAS::ACALA | CARTUCHERAS Y LONCHERAS::MULTIUSO ACALA"
"3IA","","","LONCHERAS::LIRY | MOCHILAS::MORRAL LIRY M | CARTUCHERAS Y LONCHERAS::LIRY"
"3IC","","","MOCHILAS::MORRAL EMELINDA"
"3IJ","","","MOCHILAS::MORRAL NAMER | MOCHILAS::MORRAL ANTIQUE | MOCHILAS::MORRAL NAMMER | CARTUCHERAS Y LONCHERAS::KIJAL | CARTUCHERAS Y LONCHERAS::LAUS | CARTUCHERAS Y LONCHERAS::KIRIBY"
"3IK","","","MOCHILAS::MORRAL OMETTO | MOCHILAS::MORRAL GAMMATTO | MOCHILAS::MORRAL GAMATTO | CARTUCHERAS Y LONCHERAS::GALVITTO"
"3IL","","","MOCHILAS::MORRAL ACUARELA | MULTIUSOS::BILLETERA RIGALY"
"3IM","","","MOCHILAS::MORRAL TOCAX | MOCHILAS::MORRAL TOQUITO | MULTIUSOS::VIAJERO BIRUNGA"
"3IN","","","MOCHILAS::MORRAL TOCAX"
"3IP","","","LONCHERAS::BORRADOR | LONCHERAS::PIZARRA | MOCHILAS::MORRAL RAYOL | MOCHILAS::MORRAL ACUARELA | CARTUCHERAS Y LONCHERAS::SOBRE | CARTUCHERAS Y LONCHERAS::PIZARRA"
"3IQ","","","LONCHERAS::PIZARRA"
"3IR","","","LONCHERAS::BORRADOR | LONCHERAS::PIZARRA | MOCHILAS::MORRAL ACUARELA | MOCHILAS::MORRAL RAYOL"
"3IS","","","LONCHERAS::BORRADOR | LONCHERAS::PIZARRA | MOCHILAS::MORRAL ACUARELA | MOCHILAS::MORRAL RAYOL | CARTUCHERAS Y LONCHERAS::PIZARRA"
"3IW","","","LONCHERAS::BORRADOR | LONCHERAS::RESALTADOR | MOCHILAS::MORRAL RAYOL | MOCHILAS::MORRAL ACUARELA | CARTUCHERAS Y LONCHERAS::SOBRE | CARTUCHERAS Y LONCHERAS::ESCUADRA | CARTUCHERAS Y LONCHERAS::PIZARRA | CARTUCHERAS Y LONCHERAS::RESALTADO"
"3LQ","","","LONCHERAS::NOTEBOOK | MOCHILAS::MORRAL RAYOL | MOCHILAS::MORRAL TIJERAS | CARTUCHERAS Y LONCHERAS::ESCUADRA | CARTUCHERAS Y LONCHERAS::PIZARRA"
"3LR","","","LONCHERAS::BORRADOR | MOCHILAS::MORRAL LAPICERO | CARTUCHERAS Y LONCHERAS::SOBRE | CARTUCHERAS Y LONCHERAS::PIZARRA | CARTUCHERAS Y LONCHERAS::RESALTADO | MOCHILA  - RUEDAS::MORRAL RUE REGLA"
"3RL","","","MOCHILAS::MORRAL ACUARELA"
"3SA","","","MOCHILA  - RUEDAS::MORRAL RUE RENGLON"
"3SC","","","MOCHILAS::MORRAL ACUARELA | MOCHILA  - RUEDAS::BOMPER P TABLET Y PC CUDRICULAD"
"3SD","","","LONCHERAS::BORRADOR | CARTUCHERAS Y LONCHERAS::PORTAMINAS | MOCHILA  - RUEDAS::MORRAL RUE RENGLON"
"3SI","","","CARTUCHERAS Y LONCHERAS::SOBRE | MOCHILA  - RUEDAS::MORRAL BOMPER RENGLON"
"3UW","","","MOCHILA  - RUEDAS::MORRAL BOMPER DUNKO"
"4E7","","","LONCHERAS::RESALTADOR | MOCHILAS::MORRAL ACUARELA | MOCHILAS::MORRAL LAPICERO | MOCHILAS::FOLDER LEGAJADOR TRAPPYCOS | MOCHILAS::MORRAL UNIVERSITARIO LAPICERO | CARTUCHERAS Y LONCHERAS::ESCUADRA | MOCHILA  - RUEDAS::MORRAL BOMPER RESMA A4 | MOCHILA  - RUEDAS::MORRAL RUE REGLA"
"4E8","","","LONCHERAS::BORRADOR"
"4EA","","","LONCHERAS::BORRADOR | MOCHILAS::MORRAL TIJERAS | CARTUCHERAS Y LONCHERAS::SOBRE | CARTUCHERAS Y LONCHERAS::ESCUADRA"
"4EH","","","MOCHILAS::MORRAL ANTIQUE"
"4EN","","","LONCHERAS::MEOW | MOCHILAS::BORRAL MEOW L VENDIDO MUNECA | MOCHILAS::BORRAL MEOW L | MOCHILAS::BORRAL MEOW M"
"4EW","","","MOCHILAS::MORRAL MEOW L"
"4HS","","","MOCHILA  - RUEDAS::MORRAL RUE VARAL"
"4I4","","","LONCHERAS::BORRADOR | LONCHERAS::PIZARRA | MOCHILAS::MORRAL ACUARELA | MOCHILAS::MORRAL RAYOL | CARTUCHERAS Y LONCHERAS::SOBRE | CARTUCHERAS Y LONCHERAS::AGAPEC | CARTUCHERAS Y LONCHERAS::ESCUADRA | CARTUCHERAS Y LONCHERAS::PIZARRA"
"4I5","","","LONCHERAS::BORRADOR | LONCHERAS::PIZARRA | MOCHILAS::MORRAL ACUARELA | MOCHILAS::MORRAL RAYOL | CARTUCHERAS Y LONCHERAS::PIZARRA"
"4L7","","","MOCHILAS::MORRAL TIJERAS"
"4L8","","","LONCHERAS::BORRADOR | MOCHILAS::MORRAL TIJERAS | MOCHILAS::MORRAL LAPICERO | MOCHILAS::MORRAL UNIVERSITARIO LAPICERO | CARTUCHERAS Y LONCHERAS::SOBRE"
"4LZ","","","LONCHERAS::BORRADOR | LONCHERAS::RESALTADOR | MOCHILAS::MORRAL TIJERAS"
"4OX","","","MOCHILAS::MORRAL RAYOL"
"4RX","","","MOCHILAS::MORRAL SOKIRU DISENO BTM | MOCHILAS::MORRAL SOKIRU"
"4RY","","","LONCHERAS::BORRADOR | MOCHILAS::MORRAL ACUARELA | MOCHILAS::MORRAL GOMMAS | MOCHILAS::MORRAL PENCIL | MOCHILAS::PENCEL PENCIL | MOCHILAS::MORRAL LAPIZ | CARTUCHERAS Y LONCHERAS::SOBRE | CARTUCHERAS Y LONCHERAS::PORTAMINAS"
"4RZ","","","LONCHERAS::PIZARRA | LONCHERAS::BORRADOR | MOCHILAS::MORRAL ACUARELA | MOCHILAS::MORRAL RAYOL | MOCHILAS::MORRAL LAPIZ | CARTUCHERAS Y LONCHERAS::PORTAMINAS | CARTUCHERAS Y LONCHERAS::TAJALAPIZ | MOCHILA  - RUEDAS::MORRAL RUE VARAL"
"4S5","","","CARTUCHERAS Y LONCHERAS::SOBRE"
"4SA","","","LONCHERAS::STREET VERDE CON ALUMINO | MOCHILAS::MORRAL STREET T M | MOCHILAS::MORRAL STREET T L | MOCHILAS::MORRAL ESTREET L | MOCHILAS::MORRAL STREET M | MOCHILAS::MORRAL STREET L | CARTUCHERAS Y LONCHERAS::STREET | MOCHILA  - RUEDAS::MORRAL BOMPER STREET M"
"4SB","","","MOCHILAS::MORRAL EMELINDA"
"4SE","","","LONCHERAS::BORRADOR | MOCHILAS::MORRAL ACUARELA | MOCHILAS::MORRAL GOMMAS | MOCHILAS::MORRAL LAPIZ OSITOS S E | CARTUCHERAS Y LONCHERAS::SOBRE | CARTUCHERAS Y LONCHERAS::TAJALAPIZ | CARTUCHERAS Y LONCHERAS::PIZARRA"
"4SH","","","MOCHILAS::MORRAL RAYOL | MOCHILAS::MORRAL GOMMAS | MOCHILAS::MORRAL PC CARTULINA | MOCHILAS::MORRAL ACUARELA | CARTUCHERAS Y LONCHERAS::SOBRE | CARTUCHERAS Y LONCHERAS::AGAPEC | MOCHILA  - RUEDAS::MORRAL BOMPER RENGLONES | MOCHILA  - RUEDAS::MORRAL P TABLET Y PC CARTA"
"4SJ","","","MOCHILAS::MORRAL ACUARELA | MOCHILAS::MORRAL RAYOL | MOCHILAS::MORRAL LAPIZ | CARTUCHERAS Y LONCHERAS::SOBRE | CARTUCHERAS Y LONCHERAS::PORTAMINAS | CARTUCHERAS Y LONCHERAS::TAJALAPIZ | MOCHILA  - RUEDAS::MORRAL RUE BOMPER RENGLON | MOCHILA  - RUEDAS::MORRAL RUE RENGLON"
"4SK","","","CARTUCHERAS Y LONCHERAS::SOBRE | CARTUCHERAS Y LONCHERAS::EREZO"
"4SX","","","MOCHILAS::MORRAL TOCAX"
"4SY","","","MOCHILAS::MORRAL TOCAX"
"4SZ","","","CARTUCHERAS Y LONCHERAS::KIJAL"
"4VK","","","MOCHILAS::MORRAL LAPICERO"
"4VM","","","CARTUCHERAS Y LONCHERAS::TAJALAPIZ"
"5E2","","","LONCHERAS::NOTEBOOK"
"5EN","","","MOCHILA  - RUEDAS::MORRAL RUE CONDORITOT"
"5EO","","","MULTIUSOS::PANCRA"
"5ES","","","CARTUCHERAS Y LONCHERAS::LAUS"
"5EY","","","LONCHERAS::PIZARRA | MOCHILAS::MORRAL LAPIZ | MOCHILAS::MORRAL ACUARELA VERDE PLUMA S E | MOCHILA  - RUEDAS::MORRAL BOMPER RENGLON"
"5EZ","","","LONCHERAS::NOTEBOOK | MOCHILAS::MORRAL RAYOL | MOCHILAS::MORRAL ACUARELA | MOCHILAS::MORRAL TABLET Y PC CARTULINA | MOCHILAS::MORRAL LAPIZ"
"5GP","","","MOCHILAS::MORRAL LAPIZ"
"5I5","","","MOCHILAS::MORRAL ACUARELA"
"5L0","","","MOCHILAS::MORRAL ACUARELA | MOCHILAS::MORRAL RAYOL | MOCHILAS::MORRAL LAPIZ | CARTUCHERAS Y LONCHERAS::AGAPEC"
"5L2","","","MOCHILAS::MORRAL TIJERAS | MOCHILAS::MORRAL RAYOL | CARTUCHERAS Y LONCHERAS::AGAPEC | MOCHILA  - RUEDAS::MORRAL RUE BOMPER RENGLON"
"5L3","","","MOCHILAS::MORRAL VIRGIL"
"5L6","","","CARTUCHERAS Y LONCHERAS::MULTIUSOS KIJAL"
"5L8","","","LONCHERAS::BORRADOR | LONCHERAS::PIZARRA | MOCHILAS::MORRAL ACUARELA | MOCHILAS::MORRAL RAYOL | MOCHILAS::MORRAL LAPIZ | CARTUCHERAS Y LONCHERAS::AGAPEC"
"5L9","","","LONCHERAS::BORRADOR | LONCHERAS::PIZARRA | MOCHILAS::MORRAL ACUARELA | MOCHILAS::MORRAL RAYOL | CARTUCHERAS Y LONCHERAS::SOBRE | CARTUCHERAS Y LONCHERAS::PIZARRA | MOCHILA  - RUEDAS::MORRAL RUE BOMPER RENGLON"
"5LE","","","MOCHILAS::MORRAL TOCAX"
"5LF","","","MOCHILAS::MORRAL TOCAX"
"5LO","","","MOCHILA  - RUEDAS::MORRAL RUE BOMPER RENGLON"
"5LP","","","LONCHERAS::BORRADOR | LONCHERAS::PIZARRA | MOCHILAS::MORRAL RAYOL | MOCHILAS::MORRAL GOMMAS | MOCHILAS::MORRAL ACUARELA | MOCHILAS::MORRAL LAPIZ | CARTUCHERAS Y LONCHERAS::PORTAMINAS | CARTUCHERAS Y LONCHERAS::TAJALAPIZ"
"5LQ","","","LONCHERAS::BORRADOR | MOCHILAS::MORRAL ACUARELA | MOCHILAS::MORRAL RAYOL | MOCHILAS::MORRAL LAPIZ | MOCHILA  - RUEDAS::MORRAL RUE RENGLON"
"5LR","","","MOCHILAS::MORRAL TABLET Y PC CARTULINA"
"5LS","","","MOCHILAS::MORRAL YEREM | MOCHILAS::MORRAL JAIDENY CELESTE"
"5LT","","","CARTUCHERAS Y LONCHERAS::PORTAMINAS"
"5LV","","","LONCHERAS::PIZARRA | MOCHILAS::MORRAL TIJERAS | CARTUCHERAS Y LONCHERAS::AGAPEC | CARTUCHERAS Y LONCHERAS::ESCUADRA | CARTUCHERAS Y LONCHERAS::PIZARRA | MALETAS::MALETA MORAY VARIAS COLORES | MOCHILA  - RUEDAS::MORRAL BOMPER RENGLON"
"5LW","","","MOCHILAS::MORRAL ACUARELA | MOCHILAS::MORRAL LAPIZ | MOCHILAS::MORRAL PC CARTULINA | MOCHILAS::MORRAL TABLET Y PC CARTULINA | MOCHILAS::MORRAL GOMMAS | CARTUCHERAS Y LONCHERAS::SOBRE | CARTUCHERAS Y LONCHERAS::TAJALAPIZ | MALETAS::MALETA PEGASES"
"5MH","","","CARTUCHERAS Y LONCHERAS::PIZARRA"
"5R9","","","LONCHERAS::BORRADOR | LONCHERAS::PIZARRA | MOCHILAS::MORRAL ACUARELA | MOCHILAS::MORRAL RAYOL | CARTUCHERAS Y LONCHERAS::PIZARRA | CARTUCHERAS Y LONCHERAS::SOBRE"
"5RB","","","LONCHERAS::PIZARRA | MOCHILAS::MORRAL ACUARELA | MOCHILAS::MORRAL RAYOL | MOCHILAS::MORRAL LAPIZ | CARTUCHERAS Y LONCHERAS::SOBRE"
"5RL","","","MOCHILAS::MORRAL TIJERAS"
"5RS","","","MOCHILAS::MORRAL ACUARELA"
"5S3","","","MOCHILAS::MORRAL TOCAX | CARTUCHERAS Y LONCHERAS::KIJAL"
"5S4","","","MOCHILAS::MORRAL TOCAX"
"5S6","","","LONCHERAS::BORRADOR | MOCHILAS::MORRAL GOMMAS | MOCHILAS::MORRAL ACUARELA | CARTUCHERAS Y LONCHERAS::SOBRE | CARTUCHERAS Y LONCHERAS::ESCUADRA | MOCHILA  - RUEDAS::MORRAL RUE BOMPER RENGLON | MOCHILA  - RUEDAS::MORRAL BOMPER RENGLON"
"5S8","","","MOCHILAS::MORRAL KRIMMBLER | CARTUCHERAS Y LONCHERAS::SOBRE | CARTUCHERAS Y LONCHERAS::EREZO"
"5SA","","","CARTUCHERAS Y LONCHERAS::KRETONA | CARTUCHERAS Y LONCHERAS::LAUS"
"5SE","","","MOCHILAS::MORRAL EMELINDA"
"5SI","","","MOCHILAS::MORRAL NAMER | MOCHILAS::MORRAL NAMMER | CARTUCHERAS Y LONCHERAS::KIJAL | CARTUCHERAS Y LONCHERAS::LAUS"
"5SJ","","","MOCHILAS::MORRAL NAMER | MOCHILAS::MORRAL ANTIQUE | CARTUCHERAS Y LONCHERAS::LAUS | CARTUCHERAS Y LONCHERAS::KIRIBY"
"5SL","","","MOCHILAS::MORRAL TOCAX"
"5SN","","","MOCHILAS::MORRAL TOCAX"
"5SO","","","MOCHILAS::MORRAL ACUARELA | MOCHILAS::MORRAL RAYOL | CARTUCHERAS Y LONCHERAS::SOBRE | CARTUCHERAS Y LONCHERAS::AGAPEC | CARTUCHERAS Y LONCHERAS::PIZARRA"
"5SP","","","DAMAS::CHAQUETA QUESTA"
"5SR","","","LONCHERAS::BORRADOR | LONCHERAS::PIZARRA | MOCHILAS::MORRAL ACUARELA | MOCHILAS::MORRAL RAYOL | MOCHILAS::MORRAL LAPIZ | CARTUCHERAS Y LONCHERAS::SOBRE | CARTUCHERAS Y LONCHERAS::ESCUADRA | CARTUCHERAS Y LONCHERAS::PIZARRA"
"5SU","","","MOCHILAS::MORRAL GAMMATTO | MOCHILAS::BOLSO LARINTO VENDIDO MUNECA"
"5Y","","","DAMAS::BUZO NINA SHINKU"
"6GF","","","CARTUCHERAS Y LONCHERAS::SOBRE"
"6L4","","","MOCHILAS::MORRAL CELOSIA"
"6L8","","","MOCHILAS::MORRAL ACUARELA"
"6L9","","","LONCHERAS::BORRADOR"
"6LI","","","LONCHERAS::NOTEBOOK | MOCHILAS::MORRAL PC CARTULINA | MOCHILAS::MORRAL P TABLET Y PC CARTULINA | MOCHILAS::MORRAL RAYOL"
"6LJ","","","MOCHILAS::MORRAL EMELINDA"
"6LL","","","MOCHILAS::MORRAL LAPIZ | CARTUCHERAS Y LONCHERAS::SOBRE"
"6LN","","","LONCHERAS::BORRADOR | MOCHILAS::MORRAL ACUARELA | MOCHILAS::MORRAL PC CARTULINA | MOCHILAS::MORRAL RAYOL | MOCHILAS::MORRAL LAPIZ S E"
"6LO","","","LONCHERAS::NOTEBOOK | LONCHERAS::RESALTADOR | MOCHILAS::MORRAL LAPIZ | MOCHILAS::MORRAL P TABLET Y PC CARTULINA | MOCHILAS::MORRAL P TABLET Y PC CARTULINA S E | MOCHILA  - RUEDAS::MORRAL RUE BOMPER RENGLON"
"6LP","","","MOCHILAS::MORRAL ACUARELA | CARTUCHERAS Y LONCHERAS::SOBRE"
"6LQ","","","MOCHILA  - RUEDAS::MORRAL RUE RENGLON"
"6LS","","","LONCHERAS::PIZARRA | LONCHERAS::BORRADOR | LONCHERAS::NOTEBOOK | MOCHILAS::MORRAL ACUARELA | MOCHILA  - RUEDAS::MORRAL RUE BOMPER RENGLON"
"6LT","","","LONCHERAS::NOTEBOOK"
"6LU","","","LONCHERAS::BORRADOR | MOCHILA  - RUEDAS::MORRAL RUE BOMPER RENGLON"
"6LV","","","LONCHERAS::BORRADOR | LONCHERAS::PIZARRA | MOCHILAS::MORRAL RAYOL | MOCHILAS::MORRAL LAPIZ | MOCHILAS::MORRAL ACUARELA | CARTUCHERAS Y LONCHERAS::SOBRE | CARTUCHERAS Y LONCHERAS::PORTAMINAS | CARTUCHERAS Y LONCHERAS::PIZARRA"
"6LX","","","LONCHERAS::BORRADOR | LONCHERAS::RESALTADOR | LONCHERAS::NOTEBOOK | MOCHILAS::MORRAL RAYOL | CARTUCHERAS Y LONCHERAS::PORTAMINAS | CARTUCHERAS Y LONCHERAS::PIZARRA | MOCHILA  - RUEDAS::MORRAL BOMPER RENGLON"
"6M0","","","CARTUCHERAS Y LONCHERAS::AGAPEC"
"6M8","","","MOCHILAS::MORRAL BORONAS"
"6MO","","","LONCHERAS::PIZARRA | CARTUCHERAS Y LONCHERAS::ESCUADRA"
"6UA","","","MOCHILAS::MORRAL CRAYOLA"
"6UC","","","MOCHILAS::MORRAL CROYOLA | MOCHILAS::MORRAL CRAYOLA"
"6V7","","","CARTUCHERAS Y LONCHERAS::KIRIBY"
"6VB","","","LONCHERAS::BORRADOR | LONCHERAS::RESALTADOR"
"6VC","","","MOCHILAS::MORRAL LAPIZ | MOCHILAS::MORRAL GOMMAS"
"76G","","","MOCHILAS::MORRAL LAPICERO"
"7BJ","","","CARTUCHERAS Y LONCHERAS::ESCUADRA"
"7E0","","","MOCHILAS::MORRAL MIRAGE T L | MOCHILAS::MORRAL MIRAGE T M | MOCHILAS::MORRAL TABLET Y PC CARTULINA | MOCHILAS::MORRAL GOMMAS | CARTUCHERAS Y LONCHERAS::AGAPEC | CARTUCHERAS Y LONCHERAS::ESCUADRA | CARTUCHERAS Y LONCHERAS::SOBRE | CARTUCHERAS Y LONCHERAS::PORTAMINAS"
"7E4","","","LONCHERAS::BORRADOR | MOCHILAS::MORRAL ACUARELA | MOCHILAS::MORRAL RAYOL | MOCHILAS::MORRAL LAPIZ | MOCHILAS::MORRAL GOMMAS | MOCHILAS::MORRAL PC CARTULINA | MOCHILAS::MORRAL P TABLET Y PC CARTULINA | CARTUCHERAS Y LONCHERAS::PLASTILINA"
"7E5","","","MOCHILAS::MORRAL ACUARELA | MOCHILAS::MORRAL LAPIZ | MOCHILAS::MORRAL GOMMAS | CARTUCHERAS Y LONCHERAS::SOBRE | CARTUCHERAS Y LONCHERAS::ESCUADRA | CARTUCHERAS Y LONCHERAS::PORTAMINAS | MOCHILA  - RUEDAS::MORRAL BOMPER RENGLONES | MOCHILA  - RUEDAS::MORRAL BOMPER RESMA A4"
"7E9","","","MOCHILAS::MORRAL TOCAX | CARTUCHERAS Y LONCHERAS::MULTIUSOS KIJAL"
"7EF","","","MOCHILAS::MORRAL TOQUITO"
"7EO","","","MOCHILAS::MORRAL PC CERASTIO DISENO | MOCHILAS::MORRAL MIRAG L | MOCHILAS::MORRAL MIRAG M | MOCHILAS::MORRAL MIRAGE L | CARTUCHERAS Y LONCHERAS::MIRAGE | MULTIUSOS::MIRAGE 2 | MOCHILA  - RUEDAS::MORRAL BOMPER MIRAGEL"
"7EV","","","MOCHILAS::MORRAL TOCAX | MOCHILAS::MORRAL TOQUITO | MULTIUSOS::VIAJERO BIRUNGA | MULTIUSOS::VIAJERO BIRUNGA GUAQUI | MULTIUSOS::GUAQUI"
"7EX","","","CARTUCHERAS Y LONCHERAS::EREZO"
"7G7","","","MULTIUSOS::ASTRAL"
"7GA","","","MOCHILAS::FOLDER LEGAJADOR TRAPPYCOS"
"7GF","","","MOCHILAS::FOLDER LEGAJADOR TRAPPYCOS | MOCHILA  - RUEDAS::MORRAL RUE REGLA"
"7GG","","","LONCHERAS::NOTEBOOK | MOCHILAS::MORRAL TIJERAS | MOCHILAS::FOLDER LEGAJADOR TRAPPYCOS | MOCHILAS::MORRAL LAPIZ | CARTUCHERAS Y LONCHERAS::ESCUADRA"
"7GS","","","MOCHILAS::MORRAL ACUARELA"
"7L0","","","MOCHILAS::MORRAL TOCAX"
"7L6","","","MOCHILAS::MORRAL RAYOL"
"7LD","","","MOCHILAS::MORRAL NAMER | MOCHILAS::SHOPPING CHATALLI | CARTUCHERAS Y LONCHERAS::LAUS | CARTUCHERAS Y LONCHERAS::KIRIBY"
"7LF","","","MOCHILAS::MORRAL NAMER | MOCHILAS::MORRAL ANTIQUE | MOCHILAS::MORRAL NAMMER | CARTUCHERAS Y LONCHERAS::LAUS | CARTUCHERAS Y LONCHERAS::KIRIBY"
"7LG","","","LONCHERAS::BORRADOR | LONCHERAS::PIZARRA | MOCHILAS::MORRAL RAYOL | MOCHILAS::MORRAL ACUARELA | CARTUCHERAS Y LONCHERAS::PIZARRA"
"7LK","","","MOCHILAS::MORRAL TOCAX"
"7LO","","","MOCHILAS::MORRAL TOCAX"
"7LR","","","LONCHERAS::BORRADOR"
"7LW","","","MOCHILAS::MORRAL PC GOCTAL | CARTUCHERAS Y LONCHERAS::EREZO"
"7LX","","","MOCHILAS::MORRAL BADRANY"
"7MG","","","CARTUCHERAS Y LONCHERAS::LAUS"
"7MJ","","","LONCHERAS::BORRADOR | CARTUCHERAS Y LONCHERAS::ESCUADRA | CARTUCHERAS Y LONCHERAS::TAJALAPIZ | CARTUCHERAS Y LONCHERAS::PORTAMINAS | MOCHILA  - RUEDAS::MORRAL RUE BOMPER RENGLON"
"7MK","","","LONCHERAS::NOTEBOOK | MOCHILA  - RUEDAS::MORRAL BOMPER RENGLON | MOCHILA  - RUEDAS::MORRAL RUE BOMPER RENGLON"
"7ML","","","LONCHERAS::NOTEBOOK | MOCHILAS::MORRAL RAYOL | CARTUCHERAS Y LONCHERAS::TAJALAPIZ"
"7MN","","","LONCHERAS::BORRADOR | LONCHERAS::RESALTADOR | CARTUCHERAS Y LONCHERAS::SOBRE | MOCHILA  - RUEDAS::MORRAL BOMPER RENGLON"
"7MX","","","CARTUCHERAS Y LONCHERAS::STICUTE | MULTIUSOS::SHOPPING STICUTE"
"7MZ","","","LONCHERAS::PATCHLY | MOCHILAS::MORRAL PATCHLY L | MOCHILAS::MORRAL PATCHLY S | MOCHILAS::MORRAL PATACHLY L | MOCHILA  - RUEDAS::PATCHLY"
"7T5","","","MOCHILAS::MORRAL VIRGIL | CARTUCHERAS Y LONCHERAS::PIDAL | CARTUCHERAS Y LONCHERAS::BELMA | MULTIUSOS::MULTIUSO BELMA"
"7V9","","","LONCHERAS::PIZARRA | LONCHERAS::NOTEBOOK | MOCHILAS::MORRAL LAPIZ | MOCHILAS::MORRAL RAYOL | MOCHILAS::MORRAL TABLET Y PC CARTULINA | MOCHILAS::MORRAL ACUARELA | MOCHILAS::MORRAL ACURELA | CARTUCHERAS Y LONCHERAS::PIZARRA"
"7VA","","","LONCHERAS::PIZARRA | MOCHILAS::MORRAL LAPICERO | CARTUCHERAS Y LONCHERAS::ESCUADRA | MOCHILA  - RUEDAS::MORRAL RUE BOMPER RENGLON"
"7VB","","","MOCHILAS::MORRAL TIJERAS"
"7VI","","","MOCHILAS::MORRAL TIJERAS | MOCHILAS::MORRAL LAPICERO | MOCHILAS::MORRAL ACUARELA | MOCHILA  - RUEDAS::MORRAL RUE REGLA"
"7VJ","","","MOCHILAS::FOLDER LEGAJADOR TRAPPYCOS | MOCHILA  - RUEDAS::MORRAL RUE REGLA"
"7VK","","","MOCHILAS::MORRAL PC CARTULINA | MOCHILAS::MORRAL TIJERAS | MOCHILAS::MORRAL P TABLET Y PC CARTULINA | MOCHILAS::MORRAL LAPICERO | MOCHILAS::MORRAL ACUARELA | CARTUCHERAS Y LONCHERAS::PIZARRA"
"7Y","","","DAMAS::BUZO NINA NANAE"
"86E","","","LONCHERAS::BORRADOR"
"86T","","","LONCHERAS::RESALTADOR"
"8BF","","","MOCHILA  - RUEDAS::BOMPER CIELA"
"8E0","","","LONCHERAS::BORRADOR | MOCHILAS::MORRAL ACUARELA | MOCHILAS::MORRAL LAPIZ | CARTUCHERAS Y LONCHERAS::SOBRE"
"8E2","","","LONCHERAS::PIZARRA | LONCHERAS::BORRADOR | MOCHILAS::MORRAL RAYOL | MOCHILAS::MORRAL ACUARELA | CARTUCHERAS Y LONCHERAS::PIZARRA"
"8E3","","","DAMAS::CHAQUETA QUESTA"
"8E4","","","LONCHERAS::PIZARRA | MOCHILAS::MORRAL ACUARELA | MOCHILAS::MORRAL RAYOL"
"8E5","","","LONCHERAS::BORRADOR | MOCHILAS::MORRAL ACUARELA | MOCHILAS::MORRAL RAYOL"
"8E6","","","LONCHERAS::BORRADOR | MOCHILAS::MORRAL RAYOL | CARTUCHERAS Y LONCHERAS::RESALTADO"
"8EE","","","DAMAS::CHOMPA BUZO MAZAMITA"
"8EO","","","MOCHILAS::MORRAL RAYOL"
"8EP","","","MOCHILAS::MORRAL LAPIZ"
"8EU","","","MOCHILAS::MORRAL RAYOL"
"8G0","","","LONCHERAS::BORRADOR | MOCHILAS::MORRAL RAYOL | MOCHILAS::MORRAL ACUARELA | CARTUCHERAS Y LONCHERAS::SOBRE"
"8G1","","","MULTIUSOS::BOLSO LUCERITO"
"8G2","","","MOCHILAS::MORRAL RAYOL | MOCHILAS::MORRAL ACUARELA | MOCHILA  - RUEDAS::MORRAL RUE RENGLON"
"8G7","","","LONCHERAS::RESALTADOR | MOCHILAS::MORRAL GOMMAS"
"8GK","","","MOCHILAS::MORRAL GRUPY | MOCHILAS::MORRAL JAIDENY"
"8GM","","","MOCHILAS::MORRAL GOMMAS | MOCHILA  - RUEDAS::MORRAL RUE VARAL"
"8GN","","","LONCHERAS::PIZARRA | LONCHERAS::RESALTADOR | MOCHILAS::MORRAL ACUARELA | MOCHILAS::MORRAL LAPIZ | MOCHILAS::MORRAL GOMMAS | MOCHILAS::MORRAL RAYOL | CARTUCHERAS Y LONCHERAS::SOBRE | CARTUCHERAS Y LONCHERAS::ESCUADRA"
"8GO","","","MOCHILAS::MORRAL RAYOL | MOCHILAS::MORRAL GOMMAS | MOCHILAS::MORRAL LAPIZ | CARTUCHERAS Y LONCHERAS::PORTAMINAS | CARTUCHERAS Y LONCHERAS::PLASTILINA | MOCHILA  - RUEDAS::MORRAL BOMPER RENGLON"
"8GP","","","LONCHERAS::BORRADOR | MOCHILAS::MORRAL ACUARELA"
"8GS","","","MOCHILAS::MORRAL TOCAX | CARTUCHERAS Y LONCHERAS::MULTIUSOS KIJAL"
"8GT","","","LONCHERAS::BORRADOR | CARTUCHERAS Y LONCHERAS::ESCUADRA | CARTUCHERAS Y LONCHERAS::PORTAMINAS | CARTUCHERAS Y LONCHERAS::RESALTADO | CARTUCHERAS Y LONCHERAS::MULTIUSO PORTAMINAS | MOCHILA  - RUEDAS::MORRAL RUE VARAL | MOCHILA  - RUEDAS::MORRAL RUE RENGLON"
"8IR","","","MOCHILAS::MORRAL TEMPERA"
"8L0","","","LONCHERAS::BORRADOR"
"8L1","","","MOCHILAS::MORRAL LAPIZ"
"8L2","","","LONCHERAS::BORRADOR | MOCHILAS::MORRAL ACUARELA | MOCHILAS::MORRAL RAYOL"
"8L3","","","LONCHERAS::BORRADOR | MOCHILAS::MORRAL ACUARELA | MOCHILAS::MORRAL RAYOL | MOCHILAS::MORRAL LAPIZ"
"8L9","","","LONCHERAS::PIZARRA | LONCHERAS::RESALTADOR | LONCHERAS::BORRADOR"
"8LC","","","MOCHILAS::MORRAL ACUARELA | MOCHILAS::MORRAL RAYOL | CARTUCHERAS Y LONCHERAS::SOBRE"
"8LO","","","CABALLEROS::CHAQUETA EXPEDIT"
"8LT","","","MOCHILAS::MORRAL GURPILA | MOCHILAS::MORRAL FELGE"
"8LU","","","LONCHERAS::BORRADOR | MOCHILAS::MORRAL ACUARELA | MOCHILAS::MORRAL RAYOL | MOCHILAS::MORRAL LAPIZ | CARTUCHERAS Y LONCHERAS::AGAPEC"
"8LV","","","MOCHILAS::MORRAL OMETTO | CARTUCHERAS Y LONCHERAS::GALVITTO"
"8M1","","","MOCHILA  - RUEDAS::MORRAL RUE KATO | MOCHILA  - RUEDAS::MORRAL RUE BRINA 7704875897521"
"8M2","","","MOCHILAS::MORRAL PC KRIMMLER | CARTUCHERAS Y LONCHERAS::SOBRE"
"8M9","","","CARTUCHERAS Y LONCHERAS::KIJAL"
"8MA","","","LONCHERAS::BORRADOR | LONCHERAS::PIZARRA | MOCHILAS::MORRAL ACUARELA | MOCHILAS::MORRAL RAYOL | MOCHILAS::MORRAL GOMMAS | CARTUCHERAS Y LONCHERAS::PORTAMINAS | CARTUCHERAS Y LONCHERAS::TAJALAPIZ | CARTUCHERAS Y LONCHERAS::PIZARRA"
"8MB","","","MOCHILAS::MORRAL GOMMAS | CARTUCHERAS Y LONCHERAS::PORTAMINAS | CARTUCHERAS Y LONCHERAS::MULTIUSO PORTAMINAS"
"8ME","","","LONCHERAS::FELIZA"
"8MI","","","MOCHILAS::MORRAL SOKIRU"
"8TN","","","CARTUCHERAS Y LONCHERAS::LAUS"
"8TS","","","LONCHERAS::RESALTADOR | LONCHERAS::NOTEBOOK"
"8UN","","","MOCHILA  - RUEDAS::MORRAL RUE BOMPER RENGLON"
"8UR","","","CARTUCHERAS Y LONCHERAS::SOBRE"
"8V9","","","LONCHERAS::NOTEBOOK | LONCHERAS::PIZARRA | MOCHILAS::MORRAL LAPIZ | CARTUCHERAS Y LONCHERAS::PIZARRA"
"8VB","","","MOCHILAS::MORRAL NELE"
"8VG","","","LONCHERAS::PIZARRA | MOCHILAS::MORRAL LAPIZ S E CEBRA RAYAS VERDE AGUA | MOCHILAS::MORRAL ACUARELA"
"8VH","","","CARTUCHERAS Y LONCHERAS::SOBRE"
"8VI","","","MOCHILA  - RUEDAS::MORRAL RUE BOMPER CIELA"
"9B0","","","MOCHILAS::MORRAL CRAYOLA"
"9B4","","","LONCHERAS::PIZARRA"
"9G7","","","MOCHILAS::MORRAL ACUARELA | MOCHILAS::MORRAL RAYOL"
"9G8","","","LONCHERAS::BORRADOR | MOCHILAS::MORRAL ACUARELA | MOCHILAS::MORRAL RAYOL"
"9GA","","","DAMAS::CHAQUETA HABANERA | CABALLEROS::CHAQUETA DEGALLY"
"9L9","","","MOCHILAS::MORRAL MOTTO CROSS T M | MOCHILAS::MORRAL MOTTO CROSS T L | MOCHILAS::MORRAL MOTO CROSS L | MOCHILA  - RUEDAS::MORRAL BOMPER MOTTO CROSS M | MOCHILA  - RUEDAS::MORRAL BOMPER MOTTO CROSS L"
"9LC","","","MOCHILAS::MORRAL TUNING CAR T L | MOCHILAS::MORRAL TUNING CAR T M | MOCHILA  - RUEDAS::MORRAL BOMPER TUNING CAR L"
"9LE","","","CARTUCHERAS Y LONCHERAS::AGAPEC"
"9LF","","","MOCHILAS::MORRAL SUPER SOCCER T S | MOCHILAS::MORRAL SUPER SOCCER T M | MOCHILAS::MORRAL SUPER SOCCER S | MOCHILAS::MORRAL SUPER SOCCER M | CARTUCHERAS Y LONCHERAS::SOCCER | MOCHILA  - RUEDAS::MORRAL SUPER SOCCER | MOCHILA  - RUEDAS::MORRAL RUE BOMPER SUPER SOCCER M"
"9LJ","","","LONCHERAS::RESALTADOR | MOCHILAS::MORRAL ACUARELA | MOCHILAS::MORRAL RAYOL | CARTUCHERAS Y LONCHERAS::SOBRE | CARTUCHERAS Y LONCHERAS::ESCUADRA | CARTUCHERAS Y LONCHERAS::PORTAMINAS | MALETAS::MALETA PEGASES | MOCHILA  - RUEDAS::MORRAL RUE VARAL"
"9LL","","","CARTUCHERAS Y LONCHERAS::EREZO"
"9LW","","","MOCHILAS::MORRAL TOCAX"
"9P1","","","CARTUCHERAS Y LONCHERAS::ESCUADRA"
"9PD","","","MOCHILAS::MORRAL JAIDENY"
"9T4","","","MOCHILAS::MORRAL TOCAX"
"9TD","","","MOCHILAS::MORRAL YEREM | MOCHILAS::MORRAL JAIDENY CELESTE | CARTUCHERAS Y LONCHERAS::GRUPY"
"9TF","","","MOCHILAS::MORRAL TOQUITO | MOCHILAS::MORRAL TOCAX"
"9TG","","","MOCHILAS::MORRAL GOCTAL | MOCHILAS::MORRAL PC CRIMMLER | MOCHILAS::MORRAL KRIMMBLER"
"9TJ","","","LONCHERAS::BORRADOR | LONCHERAS::PIZARRA | MOCHILAS::MORRAL ACUARELA | MOCHILAS::MORRAL RAYOL | CARTUCHERAS Y LONCHERAS::SOBRE | CARTUCHERAS Y LONCHERAS::PIZARRA"
"9UY","","","MOCHILAS::MORRAL TOCAX"
"9V","","","MOCHILAS::MORRAL ACUARELA"
"9V4","","","MOCHILAS::MORRAL TOQUITO"
"9V9","","","MOCHILAS::MOCHILA TOCAX"
"9VB","","","LONCHERAS::BORRADOR | MOCHILAS::MORRAL RAYOL | MOCHILAS::MORRAL LAPIZ | MOCHILAS::MORRAL GOMMAS | CARTUCHERAS Y LONCHERAS::RESALTADO | CARTUCHERAS Y LONCHERAS::MARANON | MOCHILA  - RUEDAS::MORRAL RUE BOMPER RENGLON"
"9VF","","","MOCHILAS::MORRAL TOCAX"
"9VJ","","","LONCHERAS::PIZARRA | LONCHERAS::RESALTADOR | MOCHILAS::MORRAL ACUARELA | MOCHILAS::MORRAL LAPIZ | CARTUCHERAS Y LONCHERAS::SOBRE | CARTUCHERAS Y LONCHERAS::PORTAMINAS | CARTUCHERAS Y LONCHERAS::TAJALAPIZ | CARTUCHERAS Y LONCHERAS::PIZARRA"
"9VM","","","MOCHILAS::MORRAL LOVELY KACTUS M | MOCHILAS::MORRAL LOVELY KACTUS L"
"9VN","","","MOCHILAS::MORRAL LOVELY KACTUS M"
"9VO","","","MOCHILAS::MORRAL YEREM"
"9VX","","","MOCHILAS::MORRAL NAMER | MOCHILAS::MORRAL NAMMER | CARTUCHERAS Y LONCHERAS::KIRIBY"
"9VY","","","MOCHILAS::MORRAL TOCAX"
"AZUL","Arena","","MOCHILAS::MALETIN G Y M | MULTIUSOS::INDIVIDUAL | HP - POLERA::16 | HP - POLERA::22 | HP - POLERA::24"
"B02","Beige / Arena","","DAMAS::CHAQUETA TUINALLY | DAMAS::CHAQUETA SUJUR"
"B17","Beige / Arena","","DAMAS::CHAQUETA CARILDA | DAMAS::BUZO GUAJILLO | DAMAS::BUZO MORELIA | DAMAS::CASACA KILLEN | DAMAS::CHAQUETA YECORA | DAMAS::CHAQUETA WORKYM"
"B36","Beige / Arena","","MOCHILAS::MORRAL ULURU | CARTUCHERAS Y LONCHERAS::EFESO"
"BMB","Beige / Arena","","MOCHILA  - RUEDAS::MORRAL P TABLET Y PC CARTA"
"FA","","","DAMAS::CHAQUETA WORKYM"
"G03","Gris","","DAMAS::CHAQUETA MAESTRIA"
"G04","Gris","","DAMAS::CHAQUETA BAROYECA | CABALLEROS::CHAQUETA ROYELF"
"G15","Gris","","DAMAS::CHAQUETA MALEN"
"G17","Gris","","DAMAS::CHAQUETA ACRONY | DAMAS::CHAQUETA TRINITARIA | DAMAS::CHALECO MEGGY | MULTIUSOS::COOPPY | MULTIUSOS::AKOKI | MULTIUSOS::ESPONGY | MULTIUSOS::BOLSO PAITA | MULTIUSOS::MULTIUSO SARANDI"
"G18","Gris","","MOCHILAS::MORRAL RUBURAI T S | MOCHILAS::MORRAL ROBURAI T M | MOCHILAS::MORRAL ROBURAI S | MOCHILAS::MORRAL ROBURAI M | MOCHILA  - RUEDAS::MORRAL BOMPER RABURAL"
"G1N","Gris","","CABALLEROS::CHAQUETA HILLSBORO | LONCHERAS::DERVY | LONCHERAS::AUBURN | MOCHILAS::MORRAL MONTERO | MOCHILAS::MORRAL ALCOR | MOCHILAS::MORRAL MECANIL | MOCHILAS::MORRAL REFLEXTY | MOCHILAS::MORRAL P TABLET Y PC KIOGA"
"G29","Gris","","DAMAS::CHAQUETA ACRONY | DAMAS::CHALECO JUCALY | CABALLEROS::CHAQUETA MAZUNTE | CABALLEROS::CHAQUETA COLORMEN | CABALLEROS::CHAQUETA HILLSBORO"
"G48","Gris","","MOCHILAS::MORRAL P TABLET Y PC DILEK | MALETAS::MALETA HAWLKER"
"G68","Gris","","MOCHILAS::MORRAL TOCAX | MOCHILAS::MORRAL SANTAY | MOCHILAS::MORRAL PC DELEG | MOCHILAS::MORRAL TOQUITO"
"G86","Gris","","DAMAS::CHAQUETA CARILDA | CABALLEROS::CHAQUETA COLORMEN | CABALLEROS::CHAQUETA CEDRAL | MOCHILAS::MORRAL DYNAMIC | MULTIUSOS::BILLETERA RIGIL"
"G95","Gris","","DAMAS::CHALECO KUNST"
"G98","Gris","","CARTUCHERAS Y LONCHERAS::QUEBEC"
"G9A","Gris","","DAMAS::CHAQUETA HABANERA"
"GIN","Gris","","MOCHILAS::MORRAL PC PENICHE | MOCHILAS::MORRAL MONTERO"
"GLN","Gris","","MOCHILA  - RUEDAS::MORRAL BOMPER RENGLON"
"GLS","Gris","","LONCHERAS::NOTEBOOK"
"GM0","Gris","","MOCHI- VIAJERO::NANDA 50LT"
"GO0","Gris","","CARTUCHERAS Y LONCHERAS::NEUQUEN | MOCHI- VIAJERO::PILAR 80LT"
"GP0","Gris","","MOCHILAS::MORRAL AFIDO"
"GRIS","Gris","","HP - CASACAS::CASACA"
"GZ0","Gris","","MOCHILAS::MORRAL AFIDO | CARTUCHERAS Y LONCHERAS::NEUQUEN | MOCHI- VIAJERO::TACANA 45LT | MOCHI- VIAJERO::KIRAT 80LT | MOCHI- VIAJERO::NANDA 50LT | MOCHI- VIAJERO::TERAM AGUA"
"HSH","","","MOCHILAS::MORRAL LAPIZ"
"IVJ","","","LONCHERAS::PIZARRA"
"LXL","","","DAMAS::CHAQUETA COLORFULL"
"M04","Marrón","","DAMAS::CHAQUETA SUJUR"
"M0N","Marrón","","DAMAS::CHALECO CRACA | MALETAS::MALETA SABRE"
"M10","Marrón","","DAMAS::CHAQUETA WORKYM | DAMAS::CHALECO MEGGY | DAMAS::BUZO TEXCOCO"
"M16","Marrón","","DAMAS::CHAQUETA CARILDA | DAMAS::BUZO MORELIA | DAMAS::CHAQUETA TRINITARIA | DAMAS::CHAQUETA TAPALPA"
"M17","Marrón","","DAMAS::CHAQUETA TAPALPA"
"M1O","Marrón","","DAMAS::BUZO TEXCOCO | MOCHILAS::MORRAL CICINDELA | MOCHILAS::MORRAL CICIDELA | MULTIUSOS::ANTALYA | MULTIUSOS::SARANDY"
"M2F","Marrón","","DAMAS::CHAQUETA SURUI | LONCHERAS::PIZARRA | LONCHERAS::NOTEBOOK | MOCHILAS::MORRAL ACUARELA | MOCHILAS::MORRAL RAYOL | MOCHILAS::MORRAL WEEKLY | MOCHILAS::MORRAL TALIM | MOCHILAS::MORRAL CALT"
"M2P","Marrón","","CARTUCHERAS Y LONCHERAS::COLEGY"
"M62","Marrón","","MOCHILAS::MORRAL TOCAX | MOCHILAS::MORRAL OMETTO | MOCHILAS::MORRAL GAMMATTO | MOCHILAS::MORRAL OMETO | MALETAS::MALETA 360 TRAVEL LITES | MALETAS::MALETA TRAVEL LITE M"
"M86","Marrón","","MOCHILA  - RUEDAS::MORRAL RUE BOMPER YEL"
"M87","Marrón","","MALETAS::MALETA OSPREY | MALETAS::MALETA HORNET"
"M8G","Marrón","","MOCHILA  - RUEDAS::MORRAL RUE BOMPER"
"MG2","Marrón","","CARTUCHERAS Y LONCHERAS::GALVITTO"
"MON","Marrón","","MALETAS::MALETA BELL"
"N01","Negro","","DAMAS::CHAQUETA WORKYM | DAMAS::CHAQUETA REFLEXTIVE WOMAN | DAMAS::CHAQUETA RIFU M | DAMAS::BUZO GUAJILLO | DAMAS::CHAQUETA BAYMENA | DAMAS::CHAQUETA COLORFULL | DAMAS::CHAQUETA SUJUR | DAMAS::CHAQUETA YECORA"
"NG0","Negro","","MOCHILAS::MORRAL PC TABLET BAURES | MOCHILAS::MORRAL COLBERT | MOCHILAS::MORRAL P TABLET Y PC BAURES | CARTUCHERAS Y LONCHERAS::NEUQUEN | MOCHI- VIAJERO::TACANA 45LT | MOCHI- VIAJERO::KIRAT 80LT | MOCHI- VIAJERO::BRUM 60LT | MOCHI- VIAJERO::KAMET"
"NGR","Negro","","MALETAS::MALETA BOROZ"
"NNG","Negro","","MOCHILAS::MORRAL PC KRIPTON | MOCHILA  - RUEDAS::MORRAL RUE BOROZ"
"NO0","Negro","","LONCHERAS::NIRIEL | CARTUCHERAS Y LONCHERAS::NIRIEL"
"NR0","Negro","","MOCHI- VIAJERO::TACANA 45LT"
"NT0","Negro","","MOCHILAS::MORRAL PC ARAUJO | MOCHILAS::MORRAL PC PICTOR | MOCHILAS::MORRAL PICTOR | MOCHILAS::MORRAL PICTOR PC S E"
"NV0","Negro","","MULTIUSOS::NIRIEL"
"NZ0","Negro","","MOCHILAS::MORRAL PC TABLET BAURES | MOCHILAS::MORRAL P TABLET Y PC BAURES | MOCHILAS::MORRAL PC ARAUJO"
"NZA","Negro","","MOCHILAS::MOCHILA RUREKIN"
"NZM","Negro","","MOCHILAS::MORRAL SUREKIN"
"NZT","Negro","","MOCHILAS::MORRAL PC KRIPTON | MOCHILAS::MORRAL HIERRY"
"O19","","","DAMAS::CHAQUETA COLORFULL"
"O52","","","MOCHILAS::MORRAL TOQUITO | MOCHILAS::MORRAL TOCAX | CARTUCHERAS Y LONCHERAS::FELINA | MULTIUSOS::FELINA"
"OD6","","","MOCHILAS::MORRAL ACUARELA"
"OI9","","","LONCHERAS::MILETO"
"OIU","","","MOCHILAS::MORRAL NAMMER"
"OLC","","","MOCHILAS::MORRAL ACUARELA"
"OLE","","","MOCHILAS::MORRAL ACUARELA"
"OLG","","","MOCHILAS::MORRAL BADRA"
"OLH","","","MOCHILAS::MORRAL GOMMAS | MOCHILAS::MORRAL LAPIZ"
"OLT","","","CARTUCHERAS Y LONCHERAS::ESCUADRA"
"P0E","Plomo / Perla","","MOCHILAS::MORRAL AKUARY | MOCHILAS::MORRAL DINAMIC | MULTIUSOS::ORECA"
"P10","Plomo / Perla","","CARTUCHERAS Y LONCHERAS::KIJAL"
"P15","Plomo / Perla","","LONCHERAS::BATARA"
"P1S","Plomo / Perla","","DAMAS::CHAQUETA COLORFULL | MULTIUSOS::MAIRANA | MULTIUSOS::TUPIZA"
"P1T","Plomo / Perla","","MULTIUSOS::IRATI | MULTIUSOS::PASALY"
"P25","Plomo / Perla","","MOCHILAS::MORRAL P TABLET Y PC FERNANDINA | CARTUCHERAS Y LONCHERAS::INBABURA | CARTUCHERAS Y LONCHERAS::KANNALY | MULTIUSOS::CONITOS | MULTIUSOS::DONUT | MULTIUSOS::FALDIN | MULTIUSOS::BOLSO CONITO | MULTIUSOS::IMBABURA"
"P71","Plomo / Perla","","CARTUCHERAS Y LONCHERAS::GALVITTO"
"P74","Plomo / Perla","","CARTUCHERAS Y LONCHERAS::KIRI"
"P75","Plomo / Perla","","LONCHERAS::SILOAM | LONCHERAS::SENSORY | MOCHILAS::MORRAL PRINSTON | MOCHILAS::MORRAL P TABLET Y PC STANDE | CARTUCHERAS Y LONCHERAS::AKONY | CARTUCHERAS Y LONCHERAS::SILOAM | MULTIUSOS::AKONY | MOCHILA  - RUEDAS::MORRAL BOMPER YEL"
"PF0","Plomo / Perla","","LONCHERAS::PIZARRA"
"PIS","Plomo / Perla","","MULTIUSOS::TACHES"
"PZ0","Plomo / Perla","","MOCHILAS::MORRAL URDANETA | MOCHILAS::MORRAL URDANETA ZM0"
"R15","Rojo","","LONCHERAS::BATARA | MOCHILAS::MORRAL PORTA TABLET TANZAN | MOCHILAS::MORRAL BRUNEUS | MOCHILAS::MORRAL P TABLET Y PC TRIBAL | MOCHILAS::MORRAL MORRA YIRO | CARTUCHERAS Y LONCHERAS::PIDAL"
"R40","Rojo","","CABALLEROS::CHAQUETA LIESA | CABALLEROS::CHALECO MALTE | MOCHILA  - RUEDAS::MORRAL BOMPER YEL"
"R44","Rojo","","DAMAS::CHAQUETA COLORFULL | MULTIUSOS::MALEBO S E"
"R46","Rojo","","MOCHILAS::MORRAL CAPRINJ"
"R57","Rojo","","CABALLEROS::CHAQUETA VERNOS | CABALLEROS::CHAQUETA COLORMEN"
"R72","Rojo","","CABALLEROS::CHAQUETA COLORMEN | MOCHILAS::MORRAL TOQUITO"
"R73","Rojo","","MOCHILAS::MORRAL TOCAX"
"R75","Rojo","","MULTIUSOS::KITSAP"
"R76","Rojo","","LONCHERAS::ESTORIL | CARTUCHERAS Y LONCHERAS::DIJON | CARTUCHERAS Y LONCHERAS::ESTORIL"
"RB0","Rojo","","MOCHILAS::MORRAL PC KIMEX PERU"
"RI0","Rojo","","MOCHILAS::MORRAL PIMEX PERU"
"RI3","Rojo","","MULTIUSOS::SHOPPING RAINBOWLY"
"RI5","Rojo","","MOCHILAS::MORRAL PC TRIBAL"
"RN0","Rojo","","MOCHI- VIAJERO::KIRAT 80LT | MOCHI- VIAJERO::BRUM 60LT | MOCHI- VIAJERO::NANDA 50LT | MOCHI- VIAJERO::KAMET | MOCHI- VIAJERO::TERAM AGUA"
"ROSA","Rojo","","MOCHILAS::MORRAL ACUARELA CACTUS | MALETAS::MALETA LACERTA L"
"SC","","","MOCHILAS::MORRAL HIERRY"
"SE","","","LONCHERAS::PIZARRA | LONCHERAS::LONCHERA DE MOCHILA RUE | LONCHERAS::NOTEBOOK FLORES | LONCHERAS::CAR MALOGRADO 3D | LONCHERAS::LONCHERA GRIS | MOCHILAS::MORRAL ACUARELA | MOCHILAS::MORRAL RAYOL PELOTA ROJO | MOCHILAS::MORRAL JAIDENY CELESTE"
"T01","Terracota / Camello","","CABALLEROS::CHAQUETA ARWIN | CARTUCHERAS Y LONCHERAS::LUCANUS | MULTIUSOS::IRATI"
"T03","Terracota / Camello","","DAMAS::CHAQUETA TUINALLY | DAMAS::CHAQUETA COLORFULL | CABALLEROS::CHAQUETA COLORMEN"
"T0W","Terracota / Camello","","DAMAS::CHAQUETA YECORA"
"T0X","Terracota / Camello","","DAMAS::CHAQUETA WORKYM"
"T1F","Terracota / Camello","","CABALLEROS::CHAQUETA TEKAM"
"T1N","Terracota / Camello","","CABALLEROS::CHAQUETA ESCHER"
"T1P","Terracota / Camello","","CABALLEROS::CHALECO GUNDRU"
"T1W","Terracota / Camello","","CABALLEROS::CHAQUETA GRETE | MULTIUSOS::NICEA"
"T2I","Terracota / Camello","","DAMAS::CHAQUETA WHALY | CABALLEROS::CHAQUETA ARWIN | CABALLEROS::CHAQUETA PELIGRAM | MOCHILAS::BOLSO P TABLET KABEN | CARTUCHERAS Y LONCHERAS::KIJAL | MULTIUSOS::MALEBO | MULTIUSOS::BILLETERA REMORA | MULTIUSOS::BILLETERA MANRET"
"T2L","Terracota / Camello","","DAMAS::CHAQUETA ELMWOOD | CABALLEROS::CHAQUETA ARWIN | CABALLEROS::CHAQUETA GRETE | CABALLEROS::CHAQUETA LIADE"
"T2N","Terracota / Camello","","CABALLEROS::CHAQUETA ABIDE"
"T2O","Terracota / Camello","","CABALLEROS::CHAQUETA COLORMEN"
"T2Y","Terracota / Camello","","MULTIUSOS::COMIRA FAFFY"
"T2Z","Terracota / Camello","","DAMAS::CHAQUETA YECORA | DAMAS::CASACA KILLEN | MULTIUSOS::MACHACHI"
"T32","Terracota / Camello","","CARTUCHERAS Y LONCHERAS::GRUPY S E | CARTUCHERAS Y LONCHERAS::GRUPY"
"T3B","Terracota / Camello","","CABALLEROS::CHAQUETA MESCAL | CABALLEROS::CHAQUETA MULATO"
"T3D","Terracota / Camello","","CABALLEROS::CHALECO GUALLKY | CABALLEROS::CHAQUETA TICUL"
"T3E","Terracota / Camello","","MOCHILAS::MORRAL TOCAX | MOCHILAS::MORRAL TOQUITO"
"T3K","Terracota / Camello","","CABALLEROS::CHAQUETA MAZUNTE | CABALLEROS::CHAQUETA MULATO | CABALLEROS::CHALECO GORKY"
"T49","Terracota / Camello","","CABALLEROS::CHAQUETA COLORMEN | CARTUCHERAS Y LONCHERAS::PIDAL | CARTUCHERAS Y LONCHERAS::EAFIT | CARTUCHERAS Y LONCHERAS::ZURICH"
"T55","Terracota / Camello","","MOCHILAS::MORRAL PC GOCTAL | MOCHILAS::MORRAL RIBBON | MOCHILAS::MORRAL GOCTAL | MOCHILAS::MORRAL P TABLET Y PC GOCTAL | CARTUCHERAS Y LONCHERAS::PIDAL"
"T62","Terracota / Camello","","MOCHILAS::MORRAL MOLAVE | MOCHILAS::MORRAL PC DELEG | MOCHILAS::MORRAL P TABLET Y PC DELEG | CARTUCHERAS Y LONCHERAS::LUCANUS"
"T72","Terracota / Camello","","MOCHILAS::MORRAL TOQUITO"
"T84","Terracota / Camello","","DAMAS::CHAQUETA COLORFULL | CABALLEROS::CHAQUETA CUILCO | MULTIUSOS::RIOJA | MULTIUSOS::SARANDY"
"T88","Terracota / Camello","","DAMAS::CHAQUETA COLORFULL"
"TO4","Terracota / Camello","","MOCHILAS::MORRA CRAYOLA"
"TP0","Terracota / Camello","","MOCHILAS::MORRAL COLBERT"
"TSS","Terracota / Camello","","CARTUCHERAS Y LONCHERAS::PIDAL"
"TT0","Terracota / Camello","","MULTIUSOS::BATIAN"
"TZ0","Terracota / Camello","","MOCHILAS::MORRAL BADRA"
"V02","Verde","","LONCHERAS::MUTUALY CICLISMO"
"V06","Verde","","DAMAS::CHAQUETA BAYMENA | DAMAS::CHAQUETA YECORA | DAMAS::BUZO BASIROA | CABALLEROS::CHAQUETA TEKAM | CABALLEROS::CHAQUETA DENTON | CABALLEROS::CHALECO GUALLKY | MOCHILAS::MORRAL TURCO | MOCHILAS::MORRAL MALECON"
"V07","Verde","","CABALLEROS::CHAQUETA EXPEDIT | CABALLEROS::CHAQUETA DARREN | CABALLEROS::CHAQUETA SENDANY | CABALLEROS::CHAQUETA ABIDE | CABALLEROS::CHAQUETA PELIGRAM | CABALLEROS::CHAQUETA HEBI | MOCHILAS::MORRAL PC ORBETELLO | MOCHILAS::MORRAL CALT"
"V09","Verde","","MOCHILAS::MORRAL DINAMICON"
"V0O","Verde","","MULTIUSOS::BILLETERA HALVO"
"V0R","Verde","","LONCHERAS::DERVY | MOCHILAS::MORRAL MIT | MOCHILAS::MORRAL GAMMATTO | CARTUCHERAS Y LONCHERAS::BLINTON | CARTUCHERAS Y LONCHERAS::GALVITTO"
"V1H","Verde","","DAMAS::CHAQUETA COLORFULL | DAMAS::BUZO NINA SHINKU"
"V35","Verde","","MOCHILAS::MORRAL GAZANIA"
"V3I","Verde","","MALETAS::MALETA LACERTA"
"V3S","Verde","","LONCHERAS::TAKOMA"
"V3X","Verde","","CABALLEROS::CHAQUETA COLORMEN"
"V4D","Verde","","MULTIUSOS::JAVARI"
"V4H","Verde","","CARTUCHERAS Y LONCHERAS::FELINA"
"V4I","Verde","","MOCHILAS::MORRAL P TABLET Y PC FERNANDINA | CARTUCHERAS Y LONCHERAS::INBABURA | CARTUCHERAS Y LONCHERAS::KANNALY | MULTIUSOS::SHOPPING PALORA | MULTIUSOS::IMBABURA"
"V4J","Verde","","DAMAS::CHAQUETA COLORFULL | DAMAS::CHAQUETA TRINITARIA"
"V99","Verde","","MOCHILAS::MORRAL GOCTAL"
"VG0","Verde","","CARTUCHERAS Y LONCHERAS::NEUQUEN"
"VN0","Verde","","MOCHILAS::MORRAL KAINE"
"VT0","Verde","","MOCHILAS::MORRAL VETUS"
"XA3","","","MOCHILAS::MORRAL BARIJAT"
"XG1","","","DAMAS::CHALECO KUNST"
"XL","","","DAMAS::CHAQUETA HABANERA | DAMAS::CHAQUETA BAROYECA | DAMAS::CHAQUETA ELMWOOD | DAMAS::CHAQUETA WORKYM | DAMAS::CHAQUETA REFLEXTIVE WOMAN | DAMAS::BUZO GUAJILLO | DAMAS::CHAQUETA BAYMENA | DAMAS::CHAQUETA COLORFULL"
"XS","","","DAMAS::CHAQUETA HABANERA | DAMAS::CHAQUETA BAROYECA | DAMAS::BUZO UNISUN | DAMAS::CHAQUETA ELMWOOD | DAMAS::CHAQUETA WORKYM | DAMAS::CHAQUETA WHALY | DAMAS::BUZO GUAJILLO | DAMAS::CHAQUETA COLORFULL"
"XV0","","","MOCHILAS::MORRAL BARIJAT"
"XXL","","","DAMAS::CHAQUETA WORKYM | DAMAS::CHAQUETA REFLEXTIVE WOMAN | DAMAS::CHAQUETA COLORFULL | DAMAS::CHAQUETA YECORA | DAMAS::CHAQUETA ACRONY | DAMAS::CHAQUETA TRINITARIA | DAMAS::CHAQUETA TAPALPA | CABALLEROS::CHAQUETA DEGALLY"
"Y6","","","MULTIUSOS::SARANDY"
"Z02","Azul","","DAMAS::CHAQUETA WORKYM | DAMAS::BUZO TEXCOCO | MOCHILAS::MORRAL P TABLET AMASYA"
"Z04","Azul","","LONCHERAS::BORRADOR | LONCHERAS::DERVY | MOCHILAS::MORRAL ACUARELA | MOCHILAS::MORRAL RAYOL | MOCHILAS::P TABLET Y PC Y CAMBRI | MOCHILAS::MORRAL LAPIZ | MOCHILAS::MORRAL CRAYOLA | MOCHILAS::CARTERA AZUL S E"
"Z05","Azul","","MOCHILAS::MORRAL CRAYOLA | CARTUCHERAS Y LONCHERAS::SOBRE"
"Z06","Azul","","CABALLEROS::CHAQUETA LIESA | CABALLEROS::CHAQUETA COLORMEN | MOCHILAS::MORRAL AKUARY | MOCHILAS::MORRAL CRAYOLA | CARTUCHERAS Y LONCHERAS::GALVITTO"
"Z11","Azul","","LONCHERAS::ESTORIL | LONCHERAS::SILOAM | MOCHILAS::MORRAL TOCAX | MOCHILAS::MORRAL TOQUITO | MOCHILAS::BOLSO OLERON | CARTUCHERAS Y LONCHERAS::DIJON | CARTUCHERAS Y LONCHERAS::EAFIT | CARTUCHERAS Y LONCHERAS::ZURICH"
"Z1S","Azul","","MOCHILAS::MORRAL DYNAMIC | MULTIUSOS::CIELITO"
"Z21","Azul","","DAMAS::BUZO MATAPE | DAMAS::CHAQUETA CAPOLLY | CABALLEROS::CHAQUETA WILLNA | MULTIUSOS::LUNARITY"
"Z24","Azul","","MOCHILAS::MORRAL TAMULO"
"Z2K","Azul","","MOCHILAS::MORRAL RIBBON | CARTUCHERAS Y LONCHERAS::PIDAL"
"Z31","Azul","","CARTUCHERAS Y LONCHERAS::MULTIUSO MAIRANA | MULTIUSOS::MAIRANA | MOCHILA  - RUEDAS::MORRAL RUE BOMPER"
"Z32","Azul","","LONCHERAS::AUBURN | MOCHILAS::MORRAL PROCION | MOCHILAS::MORRAL DEILY | MOCHILAS::MORRAL RUCKS | MOCHILAS::MORRAL CERVUS | MOCHILAS::MORRAL PC COMPLEMENT | MOCHILAS::MORRAL GAMMATTO | MOCHILAS::MORRAL DELY"
"Z34","Azul","","MOCHILAS::MORRAL ALCOR | MOCHILAS::MORRAL COMPLIMET"
"Z3I","Azul","","CABALLEROS::CHAQUETA VERNOS | CABALLEROS::CHAQUETA HILLSBORO | MOCHILAS::MORRAL BUNKER PACK 3 0 | MOCHILAS::MORRAL DINAMICON | MULTIUSOS::FLOREANA | MULTIUSOS::SHOPPING PALORA | MULTIUSOS::SHOPPING HOLA | MOCHILA  - RUEDAS::MORRAL RUE BOMPER"
"Z3K","Azul","","MOCHILAS::MORRAL PC CERASITIO | MOCHILAS::MORRAL RIBBON | MOCHILAS::MORRAL CORASTIO | MOCHILAS::MORRAL P TABLET Y PC CERASTIO"
"Z3W","Azul","","DAMAS::CHAQUETA ELMWOOD | CABALLEROS::CHAQUETA EXPEDIT | CABALLEROS::CHAQUETA LIADE | CABALLEROS::CHAQUETA WANDER | CABALLEROS::CHAQUETA GRETE | CABALLEROS::CHALECO MALTE | CABALLEROS::CHALECO GUNDRU | CABALLEROS::CHAQUETA UNIJA"
"Z3Y","Azul","","DAMAS::CHAQUETA HARUKI | CABALLEROS::CHAQUETA COLORMEN | MOCHILAS::MORRAL ALCOR | MOCHILAS::MORRAL CIMARRON | MOCHILAS::MORRAL P TABLET Y PC MISISIPI | MOCHILAS::MORRAL PRINSTON | MOCHILAS::MORRAL P TABLET Y PC CAMBRI | MOCHILAS::MORRAL CALT"
"Z45","Azul","","MULTIUSOS::TACHES"
"Z4Q","Azul","","DAMAS::CHAQUETA WHALY"
"Z52","Azul","","CARTUCHERAS Y LONCHERAS::EAFIT"
"Z5I","Azul","","MOCHILAS::MORRAL GAMMATTO"
"Z5L","Azul","","CABALLEROS::CHAQUETA TEKAM | MOCHILAS::MORRAL ROBORE | MOCHILAS::MORRAL SANTAY"
"Z5V","Azul","","MOCHILAS::MORRAL CIRUELO"
"Z5X","Azul","","MOCHILAS::MORRAL TOQUITO"
"Z60","Azul","","CABALLEROS::CHAQUETA MESCAL"
"Z6C","Azul","","DAMAS::BUZO NINA NANAE"
"Z6O","Azul","","DAMAS::CHAQUETA YECORA | DAMAS::CASACA KILLEN | CABALLEROS::CHAQUETA ISAAC | CABALLEROS::CHAQUETA CUILCO | CABALLEROS::CHAQUETA MAZUNTE | CABALLEROS::CHAQUETA MULATO | CABALLEROS::CHAQUETA COLORMEN | CABALLEROS::CHAQUETA DENTON"
"Z6V","Azul","","DAMAS::BUZO UNISUN"
"Z73","Azul","","MOCHILAS::MORRAL TOCAX | MOCHILAS::MORRAL BRUNEUS | MOCHILAS::MORRAL TOQUITO | MOCHILAS::MORRAL CICIDELA | CARTUCHERAS Y LONCHERAS::KIJAL"
"Z76","Azul","","CABALLEROS::CHAQUETA TEKAM | MOCHILAS::MORRAL TURCO | CARTUCHERAS Y LONCHERAS::EAFIT"
"Z78","Azul","","CABALLEROS::CHALECO LOITER"
"Z88","Azul","","CABALLEROS::CHAQUETA MESCAL | CABALLEROS::CHAQUETA COLORMEN | MOCHILAS::MORRAL MOLAVE"
"ZG0","Azul","","MOCHI- VIAJERO::NANDA 50LT"
"ZIR","Azul","","CARTUCHERAS Y LONCHERAS::TABLERO"
"ZM0","Azul","","MOCHILAS::MORRAL URDANETA MORADA"
"ZMO","Azul","","MOCHILAS::MORRAL URDANETA"
"ZN0","Azul","","MOCHILAS::MORRAL KAINE | MULTIUSOS::KOALA PARA BILLETERA"
"ZZ0","Azul","","MALETAS::MALETA TULA RUEDAS PARKAR"
"ZZ1","Azul","","MALETAS::MALETA TULA RUEDAS PARKAR"